EDIT_DISTANCE_SIMILARITY,JARO_WINKLER_SIMILARITY
100,100
100,100
100,100
100,100
100,100
100,100
92,95
100,100
100,100
99,92
100,100
100,100
100,100
100,100
100,100
100,100
98,99
100,100
96,98
100,100
100,100
100,100
100,100
98,99
64,92
100,100
100,100
100,100
100,100
100,100
100,100
100,99
100,100
100,100
100,100
99,92
100,100
100,100
100,100
100,100
95,98
100,100
100,100
100,100
100,100
100,100
93,96
100,100
100,100
99,97
100,100
93,97
100,100
100,100
100,100
100,100
100,100
98,99
100,100
100,100
100,100
100,100
100,100
100,100
100,100
100,100
100,100
100,99
100,100
100,100
90,96
100,100
100,100
100,100
100,100
100,100
100,100
100,100
100,100
100,100
96,98
100,100
100,100
95,98
100,100
100,100
98,99
100,100
100,100
100,100
37,87
99,99
100,100
100,100
100,100
98,95
100,100
100,100
100,100
100,100
100,100
100,100
100,100
100,100
100,100
100,100
100,100
100,100
100,100
100,100
100,100
100,100
100,100
100,100
97,92
100,100
100,100
100,100
93,98
100,100
100,100
100,100
100,100
100,100
98,99
96,95
98,96
100,100
100,100
100,100
96,93
100,100
100,100
87,96
100,100
100,100
40,87
100,100
100,100
98,99
100,100
100,100
100,100
100,100
100,100
100,100
100,100
100,100
100,100
100,100
100,100
100,100
100,100
100,100
100,99
100,100
92,90
100,100
100,100
100,100
100,100
100,100
98,97
100,100
100,100
100,100
100,100
96,97
100,100
100,100
100,100
100,100
100,100
96,98
100,100
95,90
100,100
100,100
100,100
100,100
99,99
97,99
100,100
100,100
100,100
100,100
100,100
100,100
100,100
100,100
97,99
96,98
100,100
100,100
97,98
100,100
100,100
90,93
100,100
100,100
98,93
100,100
100,100
100,100
97,99
97,99
98,98
100,100
100,100
100,100
100,100
100,100
100,100
100,100
100,100
100,100
100,100
100,100
100,100
96,98
100,100
100,100
100,100
100,100
100,100
100,100
100,100
100,100
100,100
99,99
100,100
100,100
100,100
100,100
100,100
100,100
100,100
100,100
96,98
100,100
100,100
100,100
100,100
95,96
100,100
100,100
100,100
100,100
100,100
100,100
100,100
100,100
100,100
100,100
100,100
100,100
94,98
100,100
100,100
100,100
100,100
100,100
100,100
100,100
96,98
100,100
100,100
100,100
98,99
100,100
100,100
98,99
40,87
100,100
100,100
100,100
100,100
100,100
100,100
97,99
100,100
31,86
100,100
100,100
100,100
100,100
100,100
100,100
92,95
100,100
100,100
99,98
100,100
100,100
100,100
100,100
100,100
100,100
99,99
100,100
100,100
100,100
100,100
99,92
100,100
100,100
97,93
100,100
100,100
18,83
100,100
98,99
100,100
100,100
100,100
100,100
100,100
94,98
100,100
43,88
100,100
100,100
100,100
100,100
99,93
98,98
100,100
100,100
100,100
100,100
100,100
95,98
100,100
98,95
100,100
100,100
100,100
100,100
100,100
100,100
100,100
100,100
99,96
100,100
100,100
100,100
100,100
100,100
91,80
100,100
100,100
31,70
100,100
98,99
100,100
100,100
100,100
100,100
100,100
100,100
100,100
100,100
100,100
100,100
100,100
100,100
100,100
100,100
100,100
100,100
100,100
99,99
100,100
100,100
100,100
99,99
100,100
98,92
100,100
100,100
100,100
100,100
100,100
99,95
98,97
99,99
94,98
100,100
100,100
100,100
100,100
100,100
100,100
100,98
100,100
100,100
100,100
100,100
100,96
100,100
100,100
100,100
100,100
100,100
98,92
100,100
100,100
100,100
100,100
100,100
100,100
100,100
94,98
100,100
99,97
100,100
100,100
100,100
100,100
100,100
100,100
99,98
98,99
100,99
97,96
100,100
100,100
100,100
100,100
100,100
100,100
100,100
100,100
100,100
98,99
100,100
98,99
100,100
29,82
100,100
100,100
100,100
100,100
100,100
100,100
82,96
96,94
83,81
100,100
100,100
100,100
100,100
100,100
100,100
100,100
100,100
100,100
100,100
100,100
39,70
100,100
100,100
97,91
100,100
100,100
100,100
100,100
100,100
100,100
100,100
39,80
100,100
88,95
100,100
100,100
98,96
100,100
100,94
98,83
100,100
100,100
100,100
100,100
100,100
100,100
71,90
100,100
100,100
100,100
100,100
100,100
100,100
100,100
100,100
100,100
100,100
100,100
100,100
100,100
100,100
100,100
100,100
100,98
100,100
100,100
100,100
100,100
100,100
100,100
100,100
96,89
100,100
100,100
100,100
100,100
100,100
99,99
100,100
100,100
100,100
100,100
100,100
100,100
100,100
100,100
100,100
100,100
98,99
100,99
100,100
100,100
100,100
100,100
100,100
45,74
100,100
100,100
100,100
100,100
100,100
100,100
97,93
100,100
100,100
100,99
100,100
100,100
100,100
100,100
100,100
100,100
98,99
100,100
95,96
100,100
100,100
100,100
100,100
100,100
100,100
100,100
92,90
100,100
100,100
100,100
95,93
100,100
98,93
100,100
100,100
62,92
100,100
100,100
100,100
100,100
100,100
100,100
98,97
100,100
98,99
94,97
100,100
100,100
27,81
100,100
100,100
100,100
100,100
100,100
100,100
100,100
100,100
100,100
85,84
100,100
100,100
97,99
100,100
100,100
100,100
100,100
95,98
100,100
100,100
100,100
94,93
95,91
98,99
100,100
100,100
100,100
95,93
100,100
100,100
100,100
100,100
100,100
97,99
100,100
94,93
96,96
100,100
100,100
100,100
100,100
100,100
100,100
100,100
100,100
100,97
50,89
100,99
100,100
100,100
50,72
95,97
100,100
100,100
100,100
100,100
98,96
100,100
100,100
100,100
100,100
100,100
100,100
100,100
100,100
76,95
100,100
100,100
100,100
100,100
100,100
99,98
100,100
100,100
100,100
100,100
94,98
100,100
100,100
100,100
100,100
96,98
100,100
100,100
100,100
100,100
100,100
100,100
100,100
100,100
100,100
100,100
100,100
100,100
100,100
27,61
100,100
100,100
100,93
84,94
100,100
100,100
100,100
100,100
100,100
94,85
59,91
100,100
100,100
100,100
97,97
100,100
100,100
100,100
100,100
100,100
100,100
100,100
100,100
100,100
81,89
100,100
100,100
99,92
97,83
100,100
100,100
100,100
100,100
100,99
100,100
100,100
100,100
100,100
99,92
100,100
100,100
100,100
100,100
96,98
100,100
100,100
100,100
100,100
100,100
100,100
95,90
100,100
100,100
100,100
100,100
100,100
100,100
100,100
100,100
100,100
100,100
99,92
100,100
100,100
100,100
100,100
100,100
100,100
100,100
100,100
100,100
97,96
100,100
100,100
97,99
100,100
99,99
100,100
100,100
100,100
100,100
100,100
14,49
100,100
100,100
25,85
100,100
100,100
95,94
100,100
100,100
100,100
100,100
98,94
100,100
100,100
100,100
100,100
96,98
100,100
100,100
98,99
100,100
100,100
100,100
100,100
100,100
100,100
100,100
98,99
99,99
100,100
100,100
100,100
100,100
100,100
100,100
99,99
100,100
100,100
100,100
100,100
100,100
100,100
100,100
100,100
97,94
100,100
98,99
96,92
100,100
97,99
100,100
100,100
100,100
100,100
100,100
100,100
96,92
100,100
100,100
100,100
100,100
100,100
43,83
100,100
100,100
98,99
100,100
99,96
100,100
100,100
100,100
100,100
99,92
100,100
100,100
100,100
100,100
100,100
100,100
100,100
100,100
33,86
100,100
100,100
100,100
100,100
100,100
100,100
98,94
100,100
93,97
100,100
100,100
100,100
100,100
100,100
99,99
100,100
100,100
100,100
100,100
100,100
100,100
100,100
96,98
100,100
92,96
100,100
100,100
100,100
100,100
100,100
100,100
100,100
100,100
100,100
100,100
99,99
95,89
100,100
100,100
100,100
100,100
100,100
100,100
96,91
97,94
100,100
99,99
94,95
100,100
100,100
100,100
100,100
100,100
99,99
100,100
100,100
100,100
23,60
100,100
97,99
100,100
100,100
100,100
100,100
100,100
100,100
100,100
100,100
100,100
100,100
100,100
100,100
97,96
100,100
100,100
100,100
100,100
100,100
100,100
100,100
100,100
100,100
100,100
100,100
100,100
100,100
100,100
100,100
100,100
100,100
100,100
100,100
100,100
100,100
99,95
100,95
97,99
100,100
100,100
100,100
100,100
100,100
100,100
99,96
100,100
100,100
100,100
99,95
100,100
100,100
98,93
95,89
100,100
100,100
100,100
100,100
100,100
100,100
100,100
100,100
100,100
100,100
100,100
100,100
100,100
100,100
100,100
100,100
99,99
97,97
100,100
100,100
100,100
100,100
81,93
100,100
100,100
99,97
100,100
100,100
100,100
100,100
100,100
98,99
100,100
100,100
100,100
100,100
100,100
100,100
100,100
100,100
100,100
100,100
95,98
100,100
100,100
100,100
100,100
100,100
100,100
100,100
100,100
100,100
100,100
100,100
93,95
100,100
100,100
100,100
100,100
100,100
100,100
100,100
100,100
100,100
100,93
100,100
100,100
100,100
100,100
98,98
100,100
100,100
100,100
96,94
100,100
100,100
100,100
99,99
100,100
99,99
100,100
100,100
100,100
100,100
100,100
100,100
100,100
100,100
97,99
100,100
100,100
100,100
100,100
100,100
100,100
100,100
100,100
100,100
100,100
100,100
98,99
100,100
100,100
100,100
100,100
90,97
97,99
100,100
100,100
100,100
100,100
100,100
100,100
100,100
100,100
100,100
100,100
100,100
96,91
100,100
100,100
100,100
100,99
100,100
99,94
100,100
100,100
100,100
100,100
100,100
100,100
100,100
100,100
94,92
83,96
100,100
100,100
100,100
100,100
100,100
100,100
100,100
100,100
100,100
100,100
100,100
100,100
100,100
100,100
97,94
99,99
96,97
99,98
100,100
99,99
100,100
100,100
100,100
100,100
100,100
98,98
100,100
100,100
100,100
100,100
100,100
100,100
100,100
100,100
100,100
94,98
100,100
100,100
100,100
100,100
100,100
100,100
100,100
100,100
100,100
100,100
100,100
100,100
100,100
100,100
100,100
100,100
100,100
100,100
100,100
7,65
100,100
100,92
100,100
100,100
100,100
100,100
100,100
100,100
100,100
100,100
100,100
100,100
100,100
100,100
100,100
51,90
100,100
100,100
100,100
100,100
100,100
100,100
100,100
100,100
100,100
100,100
100,100
100,100
100,100
100,100
97,94
92,90
100,100
100,100
100,100
100,100
100,100
100,100
100,100
69,93
100,100
100,100
100,100
100,100
100,100
88,97
53,90
100,100
100,100
95,98
99,97
100,100
100,100
100,100
100,100
100,100
100,100
100,100
100,100
97,99
100,100
100,100
100,100
100,100
26,85
100,100
100,100
100,100
100,100
100,100
100,100
100,100
100,100
45,88
100,100
100,100
100,100
100,100
100,100
100,100
100,100
100,100
100,100
100,100
100,100
100,100
98,99
100,100
98,99
100,100
100,100
100,100
100,100
91,95
98,98
100,98
95,98
100,100
95,92
100,100
100,100
100,100
100,100
94,93
95,91
100,100
100,100
100,100
100,100
98,97
98,94
100,100
100,100
100,100
100,100
94,98
100,100
100,100
100,100
100,100
100,100
100,100
100,100
100,100
100,100
100,100
32,80
100,100
94,93
100,100
100,100
100,100
97,92
96,98
100,100
92,96
99,98
100,100
100,100
100,100
96,98
100,100
100,100
100,100
98,97
100,100
100,100
98,99
100,100
100,100
100,100
100,100
100,100
100,100
100,99
98,96
100,100
100,100
100,100
100,100
48,76
100,100
100,100
100,100
50,89
100,100
99,99
83,93
98,99
100,100
100,100
100,100
100,100
98,99
100,100
85,95
100,100
97,95
100,100
100,100
100,100
100,100
97,99
100,100
100,100
100,100
100,100
100,100
100,100
95,97
100,100
100,100
100,100
100,100
100,100
100,100
100,100
100,100
98,99
96,96
100,100
100,100
100,100
100,100
100,100
89,97
100,100
100,100
100,100
100,100
100,100
100,100
98,99
38,84
100,100
98,99
100,100
100,100
100,100
100,100
100,100
100,100
100,100
100,100
100,100
100,100
100,100
100,100
100,100
100,100
100,100
100,100
86,97
98,99
99,92
96,98
92,97
100,100
100,100
100,100
100,100
100,100
100,100
100,100
100,100
100,100
100,100
100,100
100,100
96,98
97,92
23,78
99,94
100,100
100,100
100,100
96,98
100,100
100,100
100,100
100,100
100,100
99,97
100,100
100,100
100,100
100,100
100,100
100,100
100,100
100,100
100,100
100,100
100,100
100,100
100,100
97,97
100,100
99,99
100,100
100,100
100,100
97,99
100,100
100,100
100,100
99,99
100,100
35,82
100,100
99,94
100,100
100,100
100,100
100,100
100,100
100,100
100,100
100,100
96,98
100,100
100,100
99,97
100,100
100,100
100,100
100,100
100,100
100,100
100,100
100,100
100,100
71,94
100,100
100,100
100,100
100,100
100,100
100,100
100,100
100,100
100,100
100,100
96,90
100,100
98,97
100,100
100,100
100,100
100,100
100,100
100,100
100,100
100,100
98,99
99,99
100,100
100,100
100,100
63,86
99,94
100,100
98,99
100,100
100,100
98,95
43,67
100,100
100,100
100,100
100,100
100,100
100,100
100,100
98,92
100,100
100,100
100,100
100,100
100,100
100,100
100,100
24,67
100,100
100,100
100,100
100,100
100,100
100,100
100,100
100,100
30,85
100,100
97,99
100,100
100,100
100,100
100,100
100,100
100,100
100,100
100,100
0,0
100,100
100,100
97,99
97,99
100,100
100,100
95,98
100,100
94,98
100,100
100,100
95,91
100,100
100,100
99,99
98,99
100,100
100,100
100,100
33,86
100,100
90,97
96,98
97,92
100,100
100,100
31,60
93,96
100,100
100,100
100,100
100,100
98,93
100,100
99,99
100,100
100,100
100,100
100,100
100,100
100,100
100,100
100,100
100,100
100,100
100,100
100,100
100,100
100,100
100,100
98,99
100,100
100,100
100,100
97,95
96,95
100,100
100,100
100,100
100,100
19,83
100,100
100,100
100,100
100,100
100,100
98,99
100,100
95,98
97,99
100,100
100,100
100,100
100,100
100,100
100,100
98,99
100,100
100,100
100,100
100,100
100,100
100,100
0,0
78,91
100,100
100,100
96,98
100,100
100,100
100,100
100,100
100,100
100,100
100,100
100,100
100,100
100,100
100,100
100,100
100,100
100,100
100,100
96,97
100,100
100,100
33,75
100,100
97,98
100,100
100,100
92,92
100,100
100,100
100,100
100,100
100,100
100,100
100,100
100,100
100,100
100,100
100,100
92,90
100,100
100,100
100,100
100,99
92,95
100,100
100,100
100,100
100,100
100,99
100,100
97,98
25,67
100,100
100,100
99,95
100,100
100,100
98,99
100,100
57,73
100,100
100,100
100,100
100,100
100,100
97,98
100,100
100,100
96,90
100,100
100,100
100,100
92,91
100,100
100,100
100,100
90,90
100,100
98,99
98,94
100,100
100,100
100,100
100,100
100,100
100,100
100,100
100,100
100,99
100,100
100,100
100,100
100,100
100,100
100,100
100,100
100,100
100,100
100,100
95,98
98,99
100,100
100,100
100,100
100,100
100,100
100,100
96,91
100,100
100,100
96,98
100,100
100,100
97,99
100,100
100,100
100,100
100,94
100,100
100,100
100,100
100,100
100,100
100,100
100,100
100,100
100,100
97,91
100,100
100,100
100,100
100,100
100,100
100,100
100,100
100,100
96,98
100,100
100,100
100,100
100,100
100,100
100,100
100,100
100,100
100,100
100,100
96,91
100,100
96,93
98,99
100,100
100,100
100,100
0,0
100,99
97,99
95,98
100,100
100,100
100,100
100,100
99,99
97,99
100,100
79,95
100,100
100,100
100,100
100,100
100,100
100,100
77,95
100,100
100,100
100,100
100,100
100,100
100,100
100,100
100,100
100,100
100,100
100,100
100,100
100,100
93,92
100,95
100,100
100,100
100,100
100,100
100,100
100,100
100,100
100,100
99,98
100,100
100,100
100,100
100,100
100,100
100,100
100,100
100,100
100,100
100,100
99,93
91,96
100,100
100,92
100,100
100,100
100,100
100,100
8,40
100,100
100,100
100,100
100,100
100,100
100,100
100,100
100,100
99,98
100,100
100,100
100,100
100,100
100,100
100,100
100,100
100,100
100,100
100,100
96,97
100,100
100,100
100,100
100,100
100,100
100,100
100,100
100,100
100,100
100,100
100,100
100,100
100,100
100,100
100,100
100,100
30,77
100,100
96,98
94,97
100,100
100,100
100,100
100,100
100,100
98,99
97,93
100,100
100,100
98,98
100,100
100,100
100,100
100,100
100,100
100,100
100,100
100,100
100,100
100,100
100,100
100,100
100,100
100,100
87,95
99,98
100,100
100,100
100,100
96,98
91,97
100,100
100,100
100,100
100,100
100,100
100,100
100,100
100,100
98,98
100,100
100,100
100,100
98,99
100,100
100,100
100,100
100,100
100,100
92,95
100,100
100,100
100,100
100,100
93,93
97,93
100,100
100,100
100,100
100,100
98,97
100,100
100,100
100,100
100,95
100,100
100,100
100,100
100,100
94,91
99,99
100,100
99,99
100,100
97,99
100,100
100,100
100,100
100,100
99,92
100,100
99,99
31,80
100,100
100,100
100,100
71,91
100,100
100,100
100,100
99,94
100,100
100,100
100,100
100,100
98,99
99,98
100,100
100,100
100,100
100,100
96,98
100,100
97,99
100,100
36,80
100,100
100,100
100,100
100,100
35,86
100,100
100,100
100,100
11,79
100,100
100,100
94,97
100,100
100,100
100,100
100,100
100,100
100,100
100,100
100,100
93,91
98,96
100,100
98,99
100,100
95,98
100,100
100,100
36,87
95,81
100,100
100,100
100,100
100,100
100,100
100,100
100,100
100,100
100,100
96,97
98,99
100,100
100,100
100,100
100,100
100,100
100,100
100,100
100,100
100,100
97,99
100,100
100,100
100,100
100,100
100,100
100,100
100,100
100,100
100,100
100,100
100,100
100,100
100,100
93,97
100,100
100,100
100,100
100,100
100,100
100,100
100,100
100,100
99,98
100,100
100,91
100,100
100,100
100,100
99,99
93,81
100,100
100,99
99,97
100,100
99,99
100,100
100,100
100,100
100,100
100,100
100,100
100,100
100,100
100,100
100,100
100,100
100,92
100,100
100,100
94,97
100,100
100,100
99,97
100,100
100,100
100,100
100,100
100,100
100,100
100,100
100,100
100,100
70,93
100,100
100,100
100,100
100,100
100,100
100,100
100,100
100,100
88,94
100,100
96,92
99,97
100,100
100,100
100,100
99,99
99,98
100,100
100,100
100,100
98,99
97,97
100,100
100,100
100,100
100,100
100,100
100,100
98,96
99,99
100,100
98,98
100,100
99,96
100,100
100,100
100,100
100,100
100,100
100,100
100,100
100,100
100,100
95,98
100,100
89,93
100,100
100,100
100,100
100,100
100,100
100,100
100,100
100,100
100,100
100,100
100,100
100,100
100,100
100,100
53,90
100,100
100,100
100,100
100,100
100,100
100,100
100,100
100,100
100,100
100,100
100,100
100,100
99,99
98,99
100,100
100,100
100,100
99,99
100,100
100,100
100,100
96,97
98,99
100,100
100,100
100,100
100,100
88,96
100,100
100,100
99,98
100,100
100,100
100,100
97,99
100,100
100,100
100,100
100,100
100,100
100,100
100,100
100,100
100,92
100,100
100,100
100,100
100,100
100,100
100,100
100,100
96,95
98,93
100,100
100,99
100,100
100,100
100,100
96,98
100,100
100,100
100,100
100,100
100,100
100,100
100,100
100,100
100,100
100,100
100,100
100,100
100,100
98,99
100,100
100,100
100,100
99,92
100,100
100,100
97,99
98,99
100,100
100,100
100,100
100,100
100,100
100,100
100,100
100,100
100,100
100,100
100,100
100,100
100,100
100,100
100,100
100,100
100,100
100,100
100,100
100,100
100,100
100,100
99,99
100,100
98,99
100,100
100,100
100,100
100,100
78,95
100,100
100,100
94,90
89,90
100,100
100,100
100,100
100,100
100,100
94,91
100,92
100,100
100,100
100,100
98,97
100,100
100,100
100,100
100,100
28,85
100,100
100,100
100,100
100,100
100,100
100,100
100,100
100,100
100,100
100,100
100,100
100,100
100,100
100,100
100,100
100,100
100,100
100,100
100,100
100,100
100,100
100,100
100,100
100,100
98,99
100,100
41,84
100,100
100,100
100,100
100,100
100,100
100,100
100,100
96,94
97,99
100,100
100,100
100,100
100,100
100,100
100,100
98,99
100,100
100,100
97,99
100,100
100,100
100,100
97,94
100,100
100,100
100,100
100,100
100,100
100,100
100,100
100,100
100,100
100,100
100,100
100,100
100,100
100,100
100,100
100,100
100,100
100,100
100,100
100,100
100,100
100,100
100,100
100,100
93,95
100,100
98,93
100,100
72,94
100,100
100,100
100,100
100,100
89,92
100,100
98,95
100,100
100,100
96,98
100,100
100,100
100,100
100,100
100,100
96,91
100,100
100,100
100,100
100,100
100,100
100,100
100,100
100,100
100,100
100,100
100,100
100,100
100,100
100,100
100,100
59,78
98,99
100,100
100,100
100,100
100,100
100,100
100,100
100,100
99,91
100,100
100,100
100,100
100,100
100,99
98,99
100,100
100,100
100,100
100,100
100,100
100,100
100,100
98,99
100,100
34,65
97,99
100,100
99,99
100,100
100,100
100,100
28,79
100,100
100,100
100,100
98,99
100,100
97,99
100,100
100,100
98,98
100,100
100,100
100,100
100,100
100,100
100,100
100,100
98,94
100,100
100,100
96,98
100,100
96,98
100,100
100,100
96,98
100,100
96,96
100,100
100,100
100,100
100,100
100,100
95,97
100,100
100,100
48,82
100,100
100,100
100,100
100,100
100,100
95,91
100,100
100,100
100,100
100,100
100,100
100,100
100,99
100,100
100,100
100,100
98,99
55,82
100,100
100,100
100,100
100,100
100,100
100,100
91,89
100,100
73,94
100,100
96,98
100,100
100,100
100,100
100,100
100,98
100,100
100,100
100,100
100,100
90,91
100,100
100,100
100,96
100,100
100,100
100,100
100,100
100,100
100,100
100,100
100,100
95,98
100,100
100,100
100,100
87,80
100,100
100,100
100,100
100,100
100,100
100,100
100,100
100,100
88,80
100,100
100,100
100,100
100,100
100,100
99,96
100,100
100,100
100,100
96,98
100,100
97,98
100,100
100,100
96,86
100,100
100,100
99,93
100,100
100,100
90,92
100,100
100,100
100,100
97,94
36,70
100,100
100,100
100,100
100,100
100,100
100,100
100,100
100,100
100,100
100,100
100,100
100,100
100,100
97,91
100,100
96,98
98,99
100,100
100,100
100,100
100,100
100,100
100,100
100,100
100,100
97,97
100,100
100,100
100,100
100,100
100,100
100,100
100,100
100,100
100,100
100,100
100,100
100,100
100,100
100,100
100,99
100,100
100,100
100,100
100,100
100,100
100,100
100,100
100,100
100,100
100,100
100,100
100,100
100,100
100,100
100,100
100,100
100,100
100,100
100,100
100,100
95,92
100,100
100,100
100,100
100,100
100,99
100,100
100,100
100,100
100,100
100,100
100,100
100,100
100,100
100,100
100,100
100,100
100,100
100,100
96,92
100,100
100,100
94,97
100,100
100,100
96,99
100,100
100,100
100,100
100,100
97,99
100,100
100,100
100,100
100,100
100,100
100,100
100,100
100,100
93,96
100,100
96,92
100,100
100,100
100,100
27,77
100,100
100,100
100,100
100,100
100,100
100,100
100,100
99,91
100,100
100,100
100,100
100,92
98,96
86,89
100,100
100,100
100,100
100,100
100,100
100,99
100,100
58,70
100,100
100,100
100,100
100,100
97,99
98,90
100,100
99,99
91,94
100,100
100,100
100,100
100,100
100,100
100,100
100,100
100,100
100,100
100,100
100,100
100,100
100,100
100,100
100,100
100,100
100,100
100,100
100,100
98,99
100,100
98,99
45,85
100,100
89,94
100,100
100,100
100,100
100,100
100,100
100,100
100,100
100,100
100,100
100,100
100,100
100,100
100,100
100,100
100,100
100,100
100,100
96,98
100,100
99,99
100,100
100,100
100,100
98,99
100,100
100,100
100,100
100,100
100,100
92,94
100,100
100,100
100,100
100,100
100,100
100,100
100,100
100,100
100,100
100,100
100,100
98,95
100,100
100,100
100,100
100,100
100,100
100,100
100,100
100,100
100,100
100,100
99,99
100,100
100,100
100,100
98,99
100,100
100,100
100,100
100,100
100,100
100,100
100,100
100,100
100,100
100,100
100,100
98,99
100,100
100,100
100,100
99,95
97,96
100,100
100,100
100,100
100,100
100,100
100,100
100,100
96,98
100,100
97,98
100,99
97,99
100,100
100,100
100,100
100,100
100,100
88,92
98,99
100,100
98,99
100,100
100,100
100,100
100,100
100,100
96,97
100,100
100,100
96,98
99,95
100,99
100,100
100,100
100,100
91,90
100,100
100,100
100,100
100,100
100,100
100,100
98,99
100,100
100,100
97,99
100,100
100,100
100,100
100,100
86,95
100,100
100,100
41,82
45,88
100,100
100,100
100,100
100,100
100,100
100,100
73,87
100,100
100,100
98,96
100,100
100,100
100,100
94,93
100,100
100,100
100,100
100,100
100,100
100,100
100,100
100,100
100,100
100,100
95,98
100,100
100,100
100,100
100,100
97,98
100,100
100,100
100,100
100,100
100,100
100,100
98,93
99,97
100,100
100,100
100,100
100,100
87,96
100,100
100,100
97,95
100,100
100,100
100,100
100,100
86,79
100,100
100,100
100,100
100,100
100,100
98,96
100,100
100,100
100,100
25,84
100,100
100,100
100,100
100,100
100,100
99,99
97,96
100,100
100,100
100,100
100,100
100,100
100,100
100,100
100,100
100,100
100,100
100,100
100,100
100,100
98,93
100,100
100,100
100,100
100,100
100,100
100,100
90,95
100,100
100,100
100,100
15,64
100,100
97,96
100,100
100,100
100,100
100,100
98,94
100,100
100,100
100,100
98,99
26,67
100,100
13,53
100,100
100,100
98,99
100,100
100,100
100,100
100,100
91,93
97,99
100,100
100,100
100,100
100,100
100,100
100,100
100,100
100,100
100,100
100,100
100,100
100,100
100,100
93,97
100,100
95,95
100,100
88,80
97,92
100,100
96,98
99,93
100,100
100,100
100,100
43,88
100,100
100,100
97,90
100,100
100,100
100,100
87,95
99,98
100,100
93,93
100,100
100,100
100,100
100,100
93,95
100,100
100,100
98,91
100,100
100,100
100,100
100,100
100,100
100,100
97,99
100,100
71,74
100,100
100,100
100,100
12,74
100,100
100,96
99,96
35,79
100,100
100,100
100,100
100,100
100,100
100,100
100,100
100,100
100,100
100,100
56,91
100,100
100,100
95,91
58,91
100,100
100,100
100,100
87,96
100,100
97,91
100,100
100,100
100,100
100,100
100,100
100,100
100,100
100,100
97,92
98,90
100,100
100,100
100,100
100,100
100,100
100,100
100,100
100,93
31,68
100,100
100,100
100,100
100,100
91,90
100,100
100,100
100,100
100,100
100,100
100,100
100,100
99,99
100,100
100,100
100,100
98,98
100,100
100,100
100,100
100,100
100,100
100,100
100,100
100,100
100,100
100,100
93,95
100,100
100,100
100,100
100,100
100,100
100,100
100,100
100,100
100,100
100,100
100,100
100,100
98,99
92,97
98,98
100,100
100,100
100,100
100,100
100,100
100,100
100,100
100,100
100,100
100,100
100,100
100,100
99,94
97,99
100,100
100,100
100,100
95,98
100,100
100,100
100,100
100,100
100,100
100,100
100,100
100,100
96,98
100,100
98,98
100,100
100,100
99,98
99,99
98,99
100,100
100,100
100,100
98,98
100,100
92,92
98,99
100,100
100,100
100,100
99,99
100,100
100,100
95,95
100,100
95,94
100,100
100,100
94,97
100,100
60,73
100,100
99,99
100,100
100,100
100,100
100,100
100,100
100,100
100,100
100,100
100,100
100,100
100,100
100,100
100,100
100,100
100,100
100,100
100,99
100,100
100,100
98,99
100,100
100,100
100,100
100,100
100,100
100,100
100,100
100,100
100,100
98,99
100,100
100,100
100,100
100,100
100,100
100,100
100,100
100,100
100,100
99,99
100,100
100,100
100,100
100,100
99,92
100,100
96,98
49,89
100,100
100,100
100,100
100,100
100,100
100,100
100,99
100,100
100,100
100,100
100,100
100,100
100,100
100,100
100,100
99,96
100,100
100,100
100,100
97,99
96,98
100,100
100,97
100,100
100,100
100,100
100,100
100,100
100,100
94,95
100,100
100,100
98,95
100,100
100,100
100,100
100,100
100,100
100,100
100,100
99,94
100,100
100,100
95,98
100,100
100,100
100,100
100,100
100,100
100,100
100,100
95,98
16,55
100,100
100,100
99,99
100,100
100,100
100,100
100,100
100,100
100,100
100,100
98,97
100,100
100,100
100,100
100,100
100,100
93,97
100,100
98,99
94,98
100,100
100,100
100,100
100,100
100,100
100,100
100,100
100,96
100,100
98,99
100,100
100,100
100,100
97,99
100,100
100,100
92,93
100,100
100,100
100,100
96,98
100,100
97,98
94,96
100,100
100,100
100,100
100,100
100,100
100,100
100,100
100,100
100,100
100,100
100,100
100,100
100,100
100,100
100,100
100,100
100,100
100,100
100,100
98,99
100,100
99,96
100,100
97,98
100,100
96,98
100,100
100,100
100,100
100,100
97,97
100,100
100,100
100,100
100,100
100,100
100,100
96,97
100,100
100,100
100,100
100,100
100,100
100,100
100,100
100,100
100,100
100,100
98,97
90,96
100,100
100,100
100,100
97,94
100,100
100,100
100,100
96,94
100,100
100,100
99,99
99,94
100,100
100,100
37,70
100,100
98,98
100,100
100,100
100,100
100,100
100,100
100,100
100,100
100,100
100,100
100,100
100,100
98,99
100,100
100,100
100,100
100,100
100,100
100,100
100,100
100,100
98,99
100,100
100,100
100,100
100,100
98,98
100,100
100,100
96,98
100,100
100,100
100,100
100,100
100,100
98,92
100,100
95,98
100,100
100,100
100,100
100,100
100,100
100,100
100,100
100,100
100,100
100,100
100,100
96,91
100,100
100,100
100,100
100,100
100,100
100,100
100,100
36,69
98,99
100,100
100,100
100,100
100,100
99,97
100,100
100,100
100,100
100,100
100,100
100,100
100,100
100,99
100,100
100,100
100,100
100,100
100,100
100,100
100,100
100,100
100,100
100,100
100,100
100,100
100,100
100,100
98,92
100,100
100,100
100,100
100,98
98,99
100,100
100,100
100,100
58,91
100,100
100,100
100,100
100,100
100,100
99,99
100,100
100,100
100,100
100,100
100,100
100,100
100,100
100,100
100,100
100,100
100,97
95,98
98,97
99,94
100,100
100,100
100,100
100,100
100,100
100,100
98,99
100,100
100,100
100,100
100,100
100,100
100,100
100,100
100,100
96,98
100,100
100,100
100,100
99,99
100,100
100,100
100,100
100,100
100,100
100,100
100,100
99,99
100,100
100,100
70,85
100,100
90,97
100,100
100,100
100,100
100,100
99,98
100,100
100,100
100,100
100,100
100,100
98,96
100,100
100,100
100,100
100,100
100,100
100,100
100,100
100,100
100,100
100,100
100,100
100,100
100,100
99,83
100,100
100,100
100,100
100,100
100,100
100,100
100,100
99,99
100,100
98,92
100,100
100,100
100,100
100,100
100,100
35,84
100,100
100,100
100,100
100,100
100,100
100,100
100,100
100,100
100,100
100,100
98,95
100,100
100,100
100,100
100,100
100,100
100,100
100,100
100,100
100,100
100,100
100,100
100,100
100,100
100,100
100,100
100,100
100,100
98,92
100,100
100,100
100,100
100,100
100,100
100,100
100,100
98,99
97,99
97,90
100,100
100,100
100,100
100,100
100,100
100,100
100,100
100,100
100,100
100,100
100,100
91,92
100,100
100,100
95,91
100,91
96,98
100,100
100,100
100,100
100,100
100,100
97,99
100,100
100,100
100,100
100,100
100,100
100,100
50,89
100,100
100,100
50,89
100,100
100,100
100,100
100,100
100,100
100,100
100,100
100,100
100,100
96,98
81,96
100,100
100,100
100,100
100,100
100,100
100,100
100,100
86,97
100,100
100,100
98,99
94,98
100,100
100,100
97,99
100,100
100,100
96,93
100,100
100,100
97,94
100,100
100,100
100,100
90,91
100,100
100,100
99,99
92,94
100,100
98,99
100,100
100,100
100,100
86,92
100,100
100,93
97,96
98,99
94,90
90,96
100,100
100,100
100,100
100,100
100,100
100,100
95,95
100,100
97,92
100,100
100,100
100,100
95,94
100,100
100,100
8,74
100,100
99,98
98,99
100,100
100,100
100,100
100,100
100,100
100,94
100,100
36,83
100,100
100,100
100,100
97,98
100,100
97,96
100,100
100,100
99,96
100,100
100,100
100,100
100,100
93,97
100,100
100,100
100,100
100,100
100,100
19,62
31,71
100,100
100,100
94,96
100,100
100,100
100,100
96,97
100,100
100,100
100,100
100,100
99,96
100,100
100,100
89,90
100,100
100,100
100,100
100,100
100,100
100,100
100,100
100,100
100,100
100,100
98,92
100,100
96,98
100,100
100,100
50,77
100,100
100,100
100,100
100,100
98,99
100,100
100,100
96,98
100,100
100,100
100,100
100,100
100,100
100,100
100,100
100,100
100,100
100,100
98,95
100,100
97,99
100,100
100,100
100,100
100,100
98,99
94,93
97,97
100,100
100,100
100,100
100,100
92,93
100,100
100,100
100,100
100,100
100,100
100,100
100,100
100,100
100,100
100,100
100,100
96,98
100,100
100,100
100,100
100,100
100,100
100,100
100,100
100,100
100,100
100,100
100,100
100,100
100,100
100,100
100,100
100,100
100,100
99,99
100,100
99,99
96,93
98,99
100,100
100,100
100,100
100,100
100,100
100,100
100,100
100,100
99,98
100,100
100,100
100,100
100,100
100,100
100,100
99,96
100,100
98,98
100,100
100,100
100,100
100,100
99,96
7,70
100,100
100,100
100,100
100,100
100,100
100,100
100,100
100,100
99,98
86,79
100,100
100,100
100,100
100,100
99,99
98,92
86,89
100,100
100,100
100,100
100,100
100,100
100,100
98,99
100,99
95,92
100,100
99,93
100,100
100,100
99,99
100,100
100,100
100,100
96,98
100,100
100,100
100,100
100,100
100,100
99,99
98,99
100,100
100,100
93,97
100,100
100,100
97,99
100,100
100,100
100,100
100,100
100,100
100,100
100,100
100,100
94,96
100,100
100,100
34,86
96,98
100,100
100,100
45,74
100,100
100,100
100,100
100,100
100,100
100,100
100,100
100,100
100,100
96,98
100,100
100,100
100,100
99,99
100,100
65,92
100,100
100,100
100,100
100,100
100,100
100,100
100,100
99,97
100,100
99,99
100,100
100,100
100,100
100,100
100,100
100,100
100,100
100,100
100,100
93,89
100,100
99,99
100,100
99,99
100,100
97,97
99,95
93,93
100,100
100,100
99,99
100,100
97,99
100,100
100,100
100,100
100,100
100,100
100,100
100,100
100,100
100,99
92,98
100,100
100,100
94,96
100,100
100,100
100,100
100,100
100,100
100,100
99,99
100,100
100,100
100,100
100,100
100,100
100,100
100,100
100,100
100,100
100,100
95,98
99,98
100,100
100,100
100,100
100,100
100,100
94,95
100,100
100,100
100,100
94,97
100,100
94,92
95,97
100,100
100,100
100,100
100,100
100,100
100,100
100,100
100,100
100,100
100,100
100,100
99,99
100,100
95,98
100,100
100,100
100,100
100,100
100,100
100,100
100,100
100,100
100,100
100,100
100,100
100,100
100,100
97,99
100,100
100,100
100,100
95,97
100,100
89,96
98,95
100,100
89,93
100,100
100,100
100,100
99,92
100,100
100,100
100,100
100,100
100,100
100,100
100,100
97,94
100,100
100,100
97,98
100,100
100,99
100,100
100,100
100,100
100,100
100,100
100,100
100,100
100,100
94,98
100,100
100,100
100,100
100,100
100,100
100,100
99,99
100,100
100,100
100,100
100,100
100,100
100,100
100,100
99,96
98,97
100,100
100,100
100,99
100,100
100,100
100,100
100,100
100,100
100,100
100,100
100,100
100,100
100,100
100,100
100,100
100,100
96,98
100,100
100,100
100,100
95,98
100,100
98,96
100,100
100,100
100,100
100,100
100,100
100,100
98,94
100,100
100,100
100,100
100,100
100,100
100,100
100,100
100,100
51,90
100,100
100,100
100,100
100,100
100,100
100,100
100,100
98,99
100,100
100,100
100,100
100,100
100,100
100,100
100,100
100,100
100,100
100,100
100,100
100,100
95,92
98,93
100,100
70,93
100,100
100,100
100,100
100,100
100,100
100,100
100,100
100,100
100,93
100,100
98,99
100,100
100,100
100,100
100,100
100,100
100,100
95,98
100,100
98,99
48,89
100,100
93,98
98,94
100,99
100,100
100,100
100,100
100,100
100,100
96,94
100,100
90,90
100,100
98,95
100,100
100,100
100,100
100,100
100,100
100,96
100,100
98,96
100,100
100,100
100,100
100,100
100,100
97,99
100,100
100,100
98,99
100,100
100,100
100,100
100,100
99,99
100,100
98,93
100,100
100,100
99,99
100,100
97,99
100,100
100,100
100,100
58,83
100,100
98,95
100,100
100,100
100,100
90,96
100,100
100,100
100,100
100,100
100,100
100,100
97,99
100,100
100,100
100,100
100,100
100,100
100,100
100,100
86,94
97,96
100,100
100,100
100,96
100,100
100,100
100,100
95,96
97,98
100,100
100,100
100,100
100,100
100,100
98,99
96,98
98,96
100,100
100,100
100,100
96,95
99,90
100,100
100,100
100,100
100,100
100,100
100,100
100,100
100,100
100,100
99,99
99,99
100,100
100,100
100,100
100,100
100,100
96,90
100,100
100,100
100,100
100,100
100,100
97,94
100,100
100,100
100,100
100,100
100,100
100,100
100,100
100,100
100,100
97,99
100,100
100,100
100,100
100,100
100,100
100,100
100,100
100,100
100,100
100,100
100,100
100,100
100,100
100,100
100,100
100,100
100,100
100,100
100,100
100,100
100,100
100,100
97,98
97,97
100,100
100,100
100,100
99,95
100,100
100,100
100,100
100,100
100,100
100,100
100,100
98,99
100,100
100,100
100,100
100,100
100,100
100,100
100,100
100,100
16,49
100,100
100,100
100,100
100,100
99,96
100,100
100,100
97,99
100,100
100,100
100,100
97,99
100,100
100,100
100,100
100,100
100,100
97,99
100,100
52,90
100,100
100,100
100,100
100,100
100,100
100,100
100,100
100,100
100,100
90,92
100,100
97,99
99,96
100,100
98,99
100,100
84,92
100,100
100,100
100,100
100,100
100,100
100,100
100,100
100,100
100,100
100,100
99,99
100,100
99,95
97,95
100,100
100,100
100,100
100,100
98,98
100,97
100,100
100,100
100,100
100,100
100,100
100,100
100,100
97,99
100,100
96,95
100,100
36,87
100,96
97,98
100,100
100,100
100,100
98,99
97,91
100,100
100,100
100,100
97,99
100,100
96,98
100,100
100,100
98,99
100,100
100,100
100,100
100,100
100,100
100,100
100,100
100,100
100,100
100,100
100,100
45,89
98,91
100,100
100,100
100,100
92,89
99,99
100,100
96,98
100,100
32,69
100,100
100,100
98,99
100,100
100,93
100,100
100,100
100,100
97,93
100,100
100,100
100,100
53,75
100,100
100,100
100,100
100,100
100,100
100,100
100,100
100,100
96,88
100,100
97,99
96,94
100,100
100,100
100,100
100,100
100,100
100,100
100,100
100,100
98,95
98,99
100,100
100,100
100,100
100,100
99,98
100,100
100,100
100,100
100,100
100,100
100,100
100,100
100,100
98,99
100,100
100,100
100,100
100,100
100,100
100,100
100,100
100,100
100,100
100,100
100,100
100,100
97,98
99,99
100,100
100,100
86,89
88,94
100,100
100,100
94,85
100,100
100,100
98,93
100,100
100,100
100,100
100,100
100,100
100,100
100,100
100,100
100,100
100,100
100,100
100,100
100,100
95,93
97,98
100,100
100,100
100,100
100,100
100,100
100,100
100,100
79,92
100,100
100,100
100,100
100,100
100,100
100,100
100,100
11,76
96,98
100,100
100,100
54,90
100,100
100,100
100,100
99,95
100,100
100,100
100,100
100,100
100,100
97,99
100,100
100,100
98,99
100,100
97,93
100,100
98,97
98,99
100,100
100,100
100,100
100,100
100,100
71,94
100,100
100,100
100,100
100,100
100,100
100,100
100,100
100,100
100,100
100,100
100,100
100,100
96,93
97,96
96,91
100,100
98,95
95,89
100,100
100,100
98,93
98,99
100,100
97,90
100,100
100,100
100,100
100,100
100,100
100,100
100,100
100,100
90,96
90,94
100,100
100,100
100,100
100,100
100,100
66,93
90,88
100,100
100,100
100,100
100,100
100,100
100,100
100,100
99,99
99,98
99,98
100,100
99,99
100,100
98,95
100,100
100,100
100,100
100,100
100,100
100,100
100,100
100,100
96,98
73,94
96,97
100,100
100,99
100,100
100,100
100,100
100,100
99,98
100,100
98,99
100,100
100,100
100,100
100,100
100,100
100,94
100,100
100,100
98,99
100,100
99,98
97,99
100,100
100,100
100,100
100,100
96,98
100,100
92,88
100,100
99,99
100,100
100,100
100,100
100,100
100,100
100,100
100,100
100,100
100,100
100,100
100,100
94,96
83,90
100,100
35,74
100,100
84,95
96,98
98,97
100,100
100,100
100,100
99,91
100,100
100,100
100,100
100,100
100,100
100,100
100,98
100,98
100,100
100,100
100,100
100,100
100,100
100,100
100,100
100,100
100,100
35,70
100,100
77,95
97,93
98,99
100,100
100,100
100,100
100,98
100,100
99,99
100,100
100,100
100,100
67,77
100,100
100,100
100,100
95,98
100,100
100,100
100,100
99,95
0,0
100,100
100,100
100,100
100,100
100,100
94,98
100,100
100,93
100,100
95,98
100,100
100,100
67,77
56,73
100,100
100,100
100,100
100,100
100,100
100,100
100,100
100,100
97,98
97,96
100,100
100,100
100,100
100,100
95,98
96,98
100,100
100,100
100,100
100,100
100,100
99,92
100,100
100,100
100,100
100,100
100,100
100,100
100,100
99,99
100,100
100,100
100,100
100,100
38,87
100,100
100,100
100,100
100,92
100,100
94,97
100,100
91,93
100,100
100,100
19,83
100,100
100,99
100,100
100,100
97,98
100,100
100,100
100,100
100,100
89,94
100,100
99,96
100,100
100,100
100,100
100,100
99,96
100,100
59,84
100,100
80,92
100,100
100,100
100,100
100,100
100,100
100,100
100,100
100,100
91,97
100,100
100,100
100,100
100,100
99,92
99,93
87,91
100,100
100,100
100,100
100,100
99,92
100,100
100,99
100,100
100,100
93,91
99,99
98,99
100,100
96,83
100,100
100,100
100,100
100,100
100,100
99,93
100,100
97,99
100,100
100,100
100,100
100,100
100,100
100,100
100,100
98,93
99,90
100,100
100,100
100,100
100,100
100,100
100,100
85,92
100,100
100,100
100,100
67,86
100,100
100,100
100,100
100,100
100,100
100,100
100,100
100,100
100,100
100,100
100,100
100,100
100,100
100,100
100,100
100,100
100,100
100,100
100,100
100,100
100,100
100,100
100,100
99,96
100,100
99,95
100,100
100,100
100,100
33,61
100,100
95,92
99,99
100,100
100,100
100,100
98,95
100,100
92,96
100,100
100,100
100,100
100,100
100,100
100,100
100,100
93,94
100,100
100,100
100,100
100,100
100,100
10,79
100,100
100,100
100,100
100,100
100,100
100,100
100,100
97,91
100,99
100,100
100,100
100,100
98,99
98,99
100,100
98,99
100,100
100,100
98,99
100,100
100,100
100,100
100,100
100,100
100,100
100,100
100,100
100,100
100,100
100,100
98,99
100,100
100,100
100,100
99,99
100,100
100,100
100,100
100,100
100,100
29,66
100,100
100,100
100,100
100,100
100,100
94,96
100,100
100,100
100,100
100,100
100,100
100,100
100,100
97,99
100,100
100,100
100,100
100,100
97,98
94,93
100,100
100,100
100,95
100,100
94,90
100,100
100,100
100,100
86,89
100,100
100,100
98,99
100,100
100,100
100,100
98,99
100,100
100,100
98,99
100,100
100,100
100,100
100,100
98,97
100,100
100,100
100,100
100,100
100,100
97,93
100,100
100,100
99,99
100,100
100,100
100,100
100,100
100,100
100,100
100,100
100,100
100,100
100,100
100,100
100,100
100,100
93,96
99,96
100,100
100,100
99,93
84,88
100,100
100,100
100,100
100,100
100,100
100,100
100,100
100,100
100,100
100,100
100,100
99,98
100,100
100,100
100,100
100,100
100,100
100,100
100,100
100,100
100,100
97,94
100,100
100,100
100,100
95,97
100,100
99,98
100,100
100,100
100,100
100,100
100,100
98,97
100,97
100,100
100,100
98,97
100,100
100,100
100,100
100,100
100,100
98,98
100,100
100,100
100,100
100,100
100,100
97,94
100,100
100,100
99,97
100,100
93,97
100,100
100,100
100,100
97,98
100,100
100,100
93,87
100,100
100,100
100,100
100,100
100,100
100,100
100,100
100,100
100,100
95,95
100,100
100,100
100,100
100,100
100,100
100,100
100,100
100,100
40,81
100,100
97,91
100,100
50,80
99,99
100,100
100,100
100,100
100,100
100,100
100,100
100,100
100,100
100,100
100,100
100,100
95,98
100,100
100,100
100,100
100,100
100,100
94,98
98,93
97,98
100,100
100,100
97,97
100,100
79,85
100,100
100,100
100,100
100,100
92,92
100,100
100,100
96,90
100,100
100,100
94,95
99,99
95,89
100,100
100,100
100,100
99,99
94,97
100,100
100,100
100,100
100,100
100,100
96,94
96,98
97,99
100,100
99,96
100,100
100,100
100,100
100,100
96,98
100,100
100,100
100,100
100,100
100,100
99,99
100,100
97,99
100,100
99,96
100,100
100,100
100,100
100,100
100,100
100,100
100,100
100,100
100,100
100,100
100,100
98,97
100,100
100,100
100,100
100,100
100,100
89,80
100,100
7,71
100,100
100,100
100,100
100,100
94,97
99,99
100,100
100,100
98,99
100,100
100,100
100,100
96,98
100,100
100,100
100,100
100,100
100,100
96,93
99,99
30,69
99,94
100,97
81,95
100,100
100,100
100,100
100,100
100,100
100,100
100,100
100,100
100,100
100,100
100,100
97,92
100,100
100,100
100,100
100,100
100,100
100,100
97,99
100,100
100,100
95,96
100,100
100,100
100,100
100,100
100,100
99,93
100,93
100,100
100,100
100,100
100,100
100,100
100,100
100,100
99,97
98,97
100,100
41,88
100,100
100,100
100,95
100,100
100,100
100,100
98,99
100,100
100,100
100,100
96,90
100,100
100,100
100,100
100,96
100,100
100,100
100,100
100,100
100,100
97,98
80,90
100,100
100,100
96,97
100,100
100,100
100,100
100,100
100,100
100,91
100,100
99,95
100,100
100,100
100,100
99,97
97,99
100,100
100,100
97,93
99,99
100,100
100,100
97,99
100,100
100,100
100,100
100,100
100,100
100,100
100,100
100,100
41,76
100,100
100,100
96,94
95,92
100,100
100,100
100,100
100,100
100,100
100,100
98,99
100,100
39,87
100,100
100,100
100,100
100,100
97,99
100,100
100,100
100,100
100,93
94,97
100,100
100,100
99,91
100,100
100,100
100,100
100,100
100,100
100,100
98,99
100,100
100,100
100,100
100,100
99,96
99,96
97,84
100,100
100,100
100,100
100,100
100,100
100,97
100,100
100,100
100,100
100,100
100,100
99,97
98,99
100,100
99,98
100,100
100,100
18,64
100,100
92,92
96,92
100,100
100,100
100,100
100,100
100,100
100,100
100,100
100,100
100,100
100,100
97,99
100,100
100,100
100,99
100,100
98,99
98,99
100,100
100,100
100,100
100,100
100,100
100,100
100,100
100,100
90,96
100,100
100,100
96,98
100,100
100,100
90,90
100,100
100,100
46,89
100,100
100,100
81,80
100,100
94,98
100,100
100,100
97,98
93,91
96,98
100,100
95,95
100,100
82,79
100,100
100,100
100,100
100,100
99,95
86,89
100,100
100,100
97,99
100,100
98,99
100,100
43,88
100,100
100,100
99,95
78,95
100,100
100,100
100,100
100,100
100,100
100,100
100,100
100,100
100,100
96,98
99,97
100,100
100,100
100,100
94,96
100,100
100,100
100,100
100,100
100,100
100,100
100,100
95,98
96,97
100,100
100,100
100,100
100,100
100,100
100,100
100,100
100,100
94,97
100,99
100,100
100,100
88,90
100,100
96,97
100,100
100,100
100,100
100,100
100,100
97,99
100,100
100,100
100,100
29,74
100,100
100,100
100,100
100,100
100,100
100,100
100,100
94,81
100,100
100,100
100,100
100,100
100,100
100,100
100,100
100,100
100,100
100,100
100,100
100,100
97,99
100,100
100,100
100,100
100,100
100,100
99,99
100,100
99,95
100,100
96,94
100,100
100,100
100,100
100,100
100,100
100,100
100,100
100,100
100,100
95,98
100,100
100,100
100,100
100,100
100,100
100,100
100,100
100,100
99,99
100,100
36,81
100,100
100,100
100,100
100,100
100,100
100,100
100,100
100,100
100,100
100,100
100,100
97,96
100,100
100,100
95,89
100,100
100,100
100,100
100,100
100,100
100,100
100,100
100,100
98,94
100,100
100,100
100,100
100,100
99,96
100,100
99,99
100,100
30,75
100,100
21,84
100,100
100,100
100,100
100,100
100,100
100,100
100,100
100,100
100,100
97,99
100,100
100,100
100,100
100,100
100,100
100,100
100,100
100,100
100,100
100,100
100,100
100,100
100,100
100,100
93,93
100,100
100,100
100,100
97,95
100,100
100,100
100,100
40,77
100,100
99,99
97,99
100,100
100,100
100,100
100,100
100,100
99,99
100,100
100,100
97,98
100,100
100,100
100,100
100,98
100,100
100,100
96,98
100,100
100,100
100,100
93,98
100,100
100,100
100,100
100,100
100,100
100,100
98,97
100,100
100,100
100,100
100,100
100,100
100,100
95,98
100,100
100,100
100,100
98,99
100,100
100,100
100,100
100,100
100,100
100,100
100,100
100,100
44,75
100,98
97,90
100,100
100,100
100,100
100,100
100,100
100,100
100,100
100,100
100,100
98,99
100,100
100,100
100,100
100,100
97,97
100,100
98,99
7,73
98,99
98,95
100,100
100,100
100,100
100,100
100,100
100,100
100,100
96,98
100,100
100,100
100,100
100,96
100,100
100,100
100,100
100,100
100,100
100,100
94,89
97,94
100,100
100,100
74,94
100,100
100,100
100,100
100,100
100,100
96,98
100,100
100,100
98,99
97,99
100,100
100,100
94,97
100,100
100,100
100,100
100,100
100,100
100,100
100,100
100,100
100,100
100,100
100,100
100,100
100,100
100,100
99,99
100,100
100,100
98,98
100,100
100,100
97,99
100,100
100,100
94,97
99,99
100,100
100,100
100,100
100,100
100,100
100,100
100,100
100,100
100,100
100,100
100,100
98,99
95,98
100,100
100,100
98,99
47,80
100,100
100,100
100,100
43,88
100,100
97,95
100,100
100,100
100,100
100,100
100,100
100,100
100,100
100,100
100,100
96,91
100,100
100,100
100,100
100,100
100,100
100,100
100,100
100,100
100,100
97,99
100,100
100,100
100,100
100,100
100,100
100,100
100,100
100,100
100,100
98,98
100,100
100,100
100,100
100,100
100,100
100,100
100,100
100,100
100,100
98,99
100,100
100,100
100,100
98,95
100,100
100,100
100,100
100,99
100,100
100,100
100,100
100,100
94,97
100,100
100,100
100,100
100,100
100,100
100,100
100,100
100,100
99,99
100,100
100,100
100,100
97,82
100,100
100,100
100,100
97,94
100,100
97,92
100,100
100,100
100,100
100,100
100,100
100,100
100,100
98,99
100,100
100,100
100,100
100,100
93,95
100,100
100,100
100,100
99,99
100,100
100,100
100,100
100,100
100,100
94,94
100,100
100,100
100,100
100,100
98,99
100,100
85,96
100,100
100,100
100,100
100,100
100,100
100,100
100,100
100,100
97,98
100,100
97,99
98,99
100,100
90,88
100,100
100,100
100,100
100,100
100,100
100,100
100,100
100,100
100,100
100,100
100,100
97,92
96,98
100,100
100,100
100,100
100,100
100,100
100,100
100,100
100,100
100,100
100,100
91,97
100,100
100,100
100,100
100,100
100,100
100,100
100,100
100,100
100,100
100,100
100,100
100,100
100,100
100,100
100,100
96,94
100,100
100,100
100,100
100,100
100,100
100,100
100,100
100,100
100,100
100,100
100,100
100,100
100,100
100,100
100,100
100,100
95,94
99,97
100,100
100,100
98,90
100,100
100,100
100,100
93,96
100,100
99,93
95,92
97,98
100,100
100,100
100,100
80,82
100,100
98,99
100,100
100,100
100,100
100,100
100,100
96,98
100,100
25,84
100,100
100,98
100,100
100,100
100,100
100,100
100,100
100,100
100,100
100,100
100,100
100,100
100,100
100,100
100,100
100,100
96,97
100,100
98,99
100,100
100,100
100,100
98,92
100,100
100,100
100,100
98,91
100,100
100,100
96,93
100,100
100,100
100,100
100,100
100,100
100,100
100,100
100,100
100,100
100,100
100,100
100,100
75,86
100,100
100,100
100,100
93,94
100,100
100,91
98,94
100,100
100,100
100,100
100,100
94,91
100,100
100,99
100,100
100,100
100,100
100,100
100,100
100,100
100,100
95,96
100,100
100,100
100,100
95,98
99,99
100,100
100,92
100,100
100,100
100,100
100,100
59,91
100,100
100,100
100,100
99,99
100,100
100,100
100,100
39,72
100,100
99,99
100,100
100,100
100,100
100,100
100,100
100,100
96,92
100,100
100,100
100,100
100,100
100,100
100,100
100,100
88,96
100,100
25,74
97,98
100,100
100,100
100,96
100,100
100,100
100,100
100,100
97,91
97,98
100,100
100,100
100,100
99,83
100,100
100,100
100,100
98,99
98,93
99,91
100,97
100,100
100,100
100,100
98,92
100,100
100,100
98,99
100,100
100,100
100,100
100,100
100,100
100,100
100,100
100,100
98,99
100,100
100,100
100,100
100,100
100,100
100,100
100,100
100,100
100,100
100,100
100,100
100,100
100,100
100,100
100,100
99,99
100,100
100,100
100,100
99,96
100,100
100,100
100,100
100,100
100,100
100,100
96,95
96,98
100,100
100,100
100,100
100,100
100,100
100,100
100,100
100,100
100,100
99,98
100,100
100,100
100,100
100,100
100,100
99,91
100,100
100,100
100,100
100,100
100,100
100,100
100,100
100,100
100,100
100,97
100,100
98,99
100,100
100,100
13,50
100,100
100,100
100,100
100,100
100,100
100,100
100,100
100,100
100,100
100,100
100,100
100,100
100,100
100,100
100,100
99,99
100,100
100,100
98,99
99,95
100,100
100,100
100,100
100,100
98,99
100,100
100,100
100,97
100,100
100,100
100,100
100,100
100,100
95,96
100,100
100,100
100,100
100,100
100,99
100,100
100,100
100,100
96,98
100,99
100,100
100,100
98,99
100,100
100,100
100,100
100,100
100,100
100,100
97,99
100,100
100,100
100,100
100,100
32,86
100,100
100,100
94,97
97,99
100,100
93,89
100,100
100,100
100,100
98,99
97,98
100,100
93,97
98,99
100,100
99,99
100,100
100,100
100,100
100,100
96,86
100,100
100,100
100,100
100,100
100,100
100,100
100,100
100,100
100,100
88,92
100,100
100,100
97,96
100,100
100,100
100,100
100,100
100,100
94,97
100,100
100,100
100,100
100,100
100,100
100,100
100,100
100,100
100,100
100,100
100,100
99,94
100,100
100,100
100,100
100,100
100,100
100,100
100,100
100,100
100,100
100,100
100,100
100,100
100,100
75,76
100,100
100,100
99,99
100,100
100,100
100,100
100,100
92,91
100,100
100,100
100,100
97,99
100,100
100,100
100,100
100,100
100,100
100,100
100,100
100,100
100,100
95,97
100,100
100,100
100,100
100,100
100,100
100,100
100,100
98,91
100,100
100,100
100,100
100,100
100,100
100,100
100,100
99,99
100,100
100,100
100,100
100,100
100,100
100,100
100,100
100,100
100,100
99,96
19,83
100,100
100,100
95,92
100,100
94,97
100,100
100,100
100,100
89,96
100,100
100,100
100,100
100,100
100,100
55,90
100,100
98,98
98,98
100,100
100,100
96,98
100,100
100,100
100,100
100,100
100,100
100,100
100,100
100,100
100,100
100,100
100,94
100,100
100,100
100,100
100,100
100,100
100,100
100,99
100,100
100,100
100,95
98,92
100,100
100,100
100,100
100,100
100,100
100,100
100,100
99,93
100,100
98,94
100,100
100,100
100,100
100,100
100,100
100,100
100,100
100,100
99,95
100,100
100,100
100,100
100,100
98,99
97,91
100,100
100,100
100,100
100,100
100,100
100,100
100,100
100,100
100,100
100,100
100,100
100,100
100,100
99,99
100,100
100,100
100,100
100,100
100,100
96,98
100,100
100,100
100,100
100,100
100,100
100,100
100,100
100,91
100,100
100,100
100,100
99,92
98,98
100,100
100,100
100,100
100,100
100,100
100,100
100,100
100,100
50,68
100,100
100,100
100,100
100,100
100,100
100,100
100,100
100,100
98,91
100,100
100,100
100,100
99,99
100,100
100,100
100,100
100,100
100,100
100,100
100,100
100,100
100,100
98,97
100,100
100,100
100,100
100,100
100,100
100,95
100,100
98,96
100,99
100,99
100,100
100,100
55,90
100,100
100,100
100,100
100,100
100,100
100,100
31,86
100,100
100,100
100,100
100,100
100,100
100,100
100,100
100,100
100,95
100,100
100,100
100,100
96,98
100,100
93,93
100,100
100,100
99,97
100,100
98,99
100,100
98,99
99,99
89,96
100,100
98,97
100,100
100,100
100,100
100,100
100,100
100,100
100,100
100,100
100,100
100,100
100,100
95,98
100,100
100,100
100,100
97,99
100,100
100,100
97,93
100,100
100,100
100,100
98,96
99,93
100,100
100,100
100,100
100,100
100,100
99,92
100,100
100,100
100,100
97,99
100,100
100,100
100,100
98,99
100,100
100,100
88,85
100,100
100,100
100,100
100,100
97,99
100,100
100,100
100,100
100,100
100,100
100,100
100,100
100,100
100,100
100,100
100,100
100,100
100,100
98,99
100,100
96,97
100,100
100,100
100,100
100,100
100,100
100,100
100,100
100,100
100,100
100,100
100,100
100,100
100,100
100,100
100,100
100,100
100,100
100,93
100,100
94,96
100,100
100,100
100,100
100,100
100,100
100,100
100,100
100,100
100,100
100,100
100,100
100,100
100,100
100,100
100,100
100,100
100,100
100,100
97,98
93,92
100,100
100,100
100,100
100,100
98,97
100,100
100,100
100,100
100,100
100,100
100,100
100,100
100,100
100,100
100,100
100,100
100,100
100,100
100,100
100,100
100,100
92,95
100,100
100,100
100,100
98,96
82,96
100,100
100,100
100,100
100,100
95,98
100,100
100,100
100,100
100,100
100,100
98,97
100,100
99,99
100,100
92,92
98,99
100,100
92,97
100,100
100,100
95,97
100,100
97,92
100,100
100,100
100,100
98,90
100,100
100,100
92,95
100,100
100,100
100,100
100,100
94,98
100,100
91,97
100,100
100,100
100,100
100,100
100,100
100,100
100,100
97,99
100,100
100,100
97,99
100,100
100,100
100,100
100,100
100,100
100,100
100,100
100,100
93,97
100,100
100,100
100,100
100,100
92,96
100,100
100,100
100,100
100,100
100,100
100,100
100,100
100,100
91,91
100,100
100,100
100,100
100,100
95,92
100,100
100,100
100,100
100,100
100,100
100,100
100,100
100,100
100,100
100,100
96,97
100,100
100,100
100,100
95,92
42,74
100,100
100,100
100,100
100,100
100,100
100,100
100,100
98,99
100,100
100,100
100,100
100,100
100,100
100,100
100,100
99,99
100,100
100,100
100,100
100,100
100,100
100,100
100,100
100,100
100,100
100,100
100,100
100,100
100,100
100,100
85,87
100,100
98,99
37,72
100,100
100,100
100,100
100,100
100,100
100,100
99,96
100,100
100,100
100,100
100,100
99,98
100,100
100,100
100,100
100,100
100,100
98,99
100,100
100,100
99,99
100,100
100,100
100,100
100,100
97,99
99,99
100,100
100,100
100,100
100,100
100,100
100,100
100,100
100,100
100,100
100,100
100,100
100,100
100,100
100,100
100,100
100,100
100,100
100,100
100,100
100,100
97,99
100,100
100,100
100,100
100,100
100,100
97,99
100,100
100,100
97,96
100,100
100,100
100,100
100,100
100,100
100,100
100,100
100,100
100,100
100,100
100,100
100,100
100,100
100,100
100,100
90,97
100,100
98,97
98,99
100,100
100,100
100,100
98,91
100,100
100,100
100,100
100,100
100,100
96,98
100,100
25,66
100,100
100,100
100,100
100,100
100,100
100,100
100,100
100,100
100,100
37,79
92,97
100,100
7,72
100,100
100,100
100,100
97,98
82,89
100,100
100,100
100,100
100,100
100,100
36,67
100,100
100,100
100,100
100,100
98,94
100,100
100,100
100,100
100,100
100,100
100,100
98,99
100,100
100,100
100,100
100,100
100,100
100,100
100,100
100,100
100,100
100,100
100,100
100,100
100,100
100,100
98,99
99,99
100,100
100,100
98,99
92,92
100,100
100,100
100,100
97,99
100,100
100,100
100,100
100,100
26,74
100,100
100,100
100,100
100,100
100,100
98,95
100,100
100,100
100,100
100,100
100,100
93,97
100,100
100,100
100,100
100,100
100,100
100,100
99,99
100,100
100,100
100,100
100,100
100,100
100,100
100,100
100,100
100,100
100,100
100,100
100,100
100,100
100,100
100,100
98,93
100,100
100,100
100,100
100,100
100,100
100,100
100,100
100,100
100,100
99,91
100,100
100,100
100,100
100,100
100,100
100,100
94,98
100,93
99,99
100,100
100,100
100,100
100,100
100,100
100,100
100,100
98,99
100,100
100,100
100,100
100,100
100,100
96,94
100,100
100,100
98,99
100,100
100,100
98,97
87,91
100,100
100,100
100,100
99,99
100,100
100,100
100,100
100,100
100,100
100,100
100,100
100,100
98,98
100,100
100,100
100,100
100,99
100,100
100,100
100,100
100,100
100,100
93,98
100,100
100,100
100,100
100,100
100,100
100,100
100,100
100,100
96,94
100,100
100,91
100,100
100,100
100,100
100,100
100,100
100,100
100,100
100,100
10,81
100,100
100,100
100,100
100,100
100,100
100,100
100,100
100,100
97,99
90,90
100,100
100,100
100,100
100,100
100,100
100,100
100,100
100,100
36,85
100,100
100,100
100,100
53,90
97,91
100,100
100,100
100,100
100,100
100,100
100,100
100,100
100,100
99,95
100,100
100,100
100,100
99,99
100,100
100,100
100,100
96,96
100,100
100,100
100,100
98,99
97,95
100,100
100,100
100,100
100,100
100,100
100,100
100,100
100,100
100,100
100,100
100,100
100,100
100,100
100,100
100,100
100,100
100,100
100,100
100,100
100,100
100,100
100,100
100,100
100,100
100,100
100,100
100,100
100,100
100,100
100,100
100,100
100,100
99,93
100,100
96,98
93,95
100,100
100,100
100,100
100,100
100,100
100,100
100,100
100,100
99,97
100,100
100,97
100,100
100,100
100,100
96,96
100,100
100,100
100,100
100,100
100,100
95,98
100,100
100,100
100,100
100,100
58,91
100,100
100,100
98,99
100,100
100,100
98,99
100,100
95,98
99,98
100,100
100,100
98,97
95,92
96,91
100,100
100,100
100,100
96,96
100,100
100,100
100,100
100,100
100,100
100,100
100,100
100,100
98,93
100,100
100,100
99,99
100,100
12,82
100,100
28,59
100,100
100,100
100,100
98,99
100,100
100,100
98,92
100,100
100,100
100,100
95,98
100,100
100,100
100,100
27,85
100,100
100,100
100,100
100,100
100,100
100,100
100,100
100,100
100,100
100,100
98,99
100,100
100,100
100,100
100,100
95,95
100,100
100,100
100,100
100,100
100,100
100,100
15,47
96,91
100,100
95,98
100,100
100,100
100,100
100,100
100,100
100,100
100,100
97,99
100,100
99,98
100,100
99,95
100,100
98,99
100,100
100,100
100,100
100,100
100,100
100,100
100,100
97,99
100,100
100,100
100,100
100,100
100,100
100,100
97,93
100,100
100,100
100,100
100,100
100,100
95,93
95,98
100,100
97,94
100,100
100,100
100,100
98,99
100,100
100,100
100,100
100,100
100,100
94,98
100,100
100,100
100,100
100,100
97,99
100,100
97,99
85,93
100,100
96,93
100,100
100,100
100,100
100,100
92,96
97,99
100,100
100,100
100,100
100,100
100,100
100,100
100,100
100,100
100,100
100,100
100,100
100,100
100,100
100,100
99,98
100,100
100,100
100,100
100,100
100,100
100,100
100,100
93,90
100,100
100,100
100,100
100,100
100,100
100,100
100,100
100,100
100,100
99,96
100,100
100,100
99,92
100,100
100,100
100,100
100,100
94,98
100,100
100,100
100,100
100,100
100,100
100,100
100,100
50,89
99,99
100,100
51,90
100,100
100,100
100,100
100,100
100,100
50,89
100,100
100,100
100,100
100,100
100,100
100,100
100,100
100,100
100,100
100,100
100,100
100,100
100,100
100,100
100,100
100,100
100,100
100,100
100,100
98,99
100,100
100,100
100,100
100,100
100,100
100,100
97,96
100,100
100,100
98,89
96,98
100,100
100,100
100,100
98,99
90,93
100,100
100,100
100,100
100,100
100,100
99,99
48,74
100,100
100,100
97,99
100,100
43,66
100,100
100,100
100,100
100,100
98,99
100,100
100,100
100,100
66,84
100,100
100,100
100,100
100,100
100,100
100,100
100,100
98,99
98,99
100,94
100,100
100,100
100,100
100,100
95,98
100,100
100,100
100,100
100,100
100,100
100,100
99,99
98,99
100,100
99,97
100,100
100,100
100,100
100,100
100,100
100,100
86,91
100,100
97,99
98,92
100,100
100,100
98,94
100,100
100,100
100,100
100,100
100,100
100,100
100,100
100,100
100,100
100,100
100,100
100,100
100,100
96,91
100,100
98,99
100,100
100,100
100,100
100,100
99,99
100,100
100,100
100,100
100,100
100,100
100,100
100,100
100,100
100,100
100,100
100,100
100,100
97,99
100,100
100,100
100,100
100,100
39,87
100,100
71,88
100,100
100,100
100,100
100,100
100,100
100,100
100,100
100,100
100,100
100,100
100,100
98,92
100,100
100,100
100,100
100,100
97,94
100,100
100,100
99,99
100,100
100,100
100,100
100,100
100,100
100,100
100,100
100,100
100,100
100,100
100,100
100,100
100,100
98,92
100,100
100,100
100,100
100,100
100,100
100,100
100,100
100,100
100,100
100,92
100,100
100,100
100,100
100,100
100,100
100,100
43,71
100,100
100,99
100,100
100,100
100,100
97,99
99,99
100,100
100,100
100,100
100,100
100,100
100,100
97,94
100,100
97,99
100,100
100,100
100,100
100,100
100,100
100,100
100,100
95,97
100,100
100,100
99,98
99,93
100,100
100,100
99,99
100,100
100,100
100,100
100,100
100,100
100,100
100,100
100,100
100,100
100,100
100,100
96,96
100,100
96,95
100,100
97,99
95,90
100,100
100,100
100,100
97,98
100,100
100,100
100,100
100,100
100,100
95,98
93,94
100,100
100,100
95,98
92,93
100,100
97,98
100,100
100,100
100,100
100,100
99,99
100,100
100,100
100,100
100,100
100,100
100,100
96,98
100,100
100,100
100,100
100,100
100,100
100,100
100,99
100,100
100,100
100,100
100,100
100,100
100,100
100,100
100,100
97,96
100,100
100,100
92,95
100,100
100,100
90,96
100,100
100,100
100,100
99,99
100,100
100,100
100,100
100,100
99,91
30,81
88,89
100,100
100,100
100,97
100,100
100,100
100,100
100,100
100,100
99,99
100,100
100,100
100,100
100,100
100,100
100,100
100,100
100,100
100,100
99,98
92,96
100,100
100,100
44,70
97,99
100,100
100,100
100,92
100,100
100,100
100,100
98,95
100,100
100,100
100,100
100,100
100,100
96,90
100,100
100,100
100,100
100,100
100,100
100,100
100,100
100,100
100,100
100,100
100,100
91,94
100,100
100,100
100,100
98,99
100,100
100,100
96,97
100,100
100,100
100,99
100,100
100,100
100,100
99,99
100,100
100,100
100,100
100,100
100,100
100,100
54,90
100,100
100,100
100,100
94,94
100,100
100,100
100,100
100,100
100,100
100,100
100,100
98,99
100,100
100,100
100,100
100,100
100,100
100,100
100,100
100,100
100,100
100,100
100,100
100,100
100,100
100,100
100,100
100,100
100,100
100,100
95,94
100,100
94,98
100,100
100,100
100,100
98,98
100,100
100,100
100,100
100,100
100,100
100,100
100,100
100,100
100,100
100,100
100,100
100,100
100,100
100,100
100,100
100,100
100,100
100,100
100,100
98,99
100,100
100,100
97,98
100,100
100,100
100,100
100,100
100,100
98,99
97,90
100,100
96,98
100,100
100,100
100,100
100,100
100,100
96,98
100,100
100,100
99,99
100,100
99,98
100,100
100,99
98,97
99,99
100,100
96,93
100,100
100,100
95,91
95,98
100,100
100,100
100,100
100,100
100,100
100,100
100,100
100,100
100,100
100,100
100,100
98,97
99,90
100,100
100,100
100,100
100,100
100,100
98,99
100,100
100,100
100,100
94,96
100,100
32,55
100,100
100,100
100,100
100,100
100,100
100,100
100,100
100,100
100,100
100,100
98,99
100,100
100,100
100,100
92,81
100,100
98,91
97,99
100,100
100,100
100,100
100,100
100,100
100,100
100,100
95,98
100,100
100,100
100,100
100,100
100,100
100,100
92,97
100,100
100,100
100,100
100,100
100,100
100,100
95,91
100,100
100,100
100,100
100,100
98,99
100,100
100,100
100,100
100,100
100,100
100,100
100,100
100,98
100,100
100,100
100,100
99,99
100,100
100,100
100,100
97,98
100,100
100,100
100,100
100,100
100,100
100,100
99,97
100,100
100,100
90,91
100,100
100,100
100,100
99,99
99,97
100,100
33,66
100,100
100,100
98,97
100,100
100,100
98,95
100,100
98,94
100,100
100,100
100,100
100,100
100,100
100,100
100,100
100,100
100,100
100,100
98,99
100,100
100,100
100,100
100,100
98,99
99,96
100,100
100,100
96,98
100,100
100,100
100,100
100,100
100,100
100,100
96,98
100,100
100,100
100,100
100,100
100,100
100,100
99,99
100,100
100,100
100,100
98,94
100,100
100,100
98,95
100,100
100,100
100,100
97,99
100,100
100,100
100,100
100,100
97,99
100,100
100,100
100,100
100,100
100,100
100,100
100,100
98,99
100,100
100,100
100,100
100,100
42,88
97,99
100,100
100,100
100,100
97,98
100,100
100,100
100,100
100,100
100,100
100,100
100,100
100,100
100,100
100,100
100,100
98,99
100,100
100,99
99,94
100,100
98,99
97,98
100,100
100,100
100,100
100,100
100,100
100,100
100,100
100,100
100,100
100,100
100,100
99,99
100,100
100,100
100,100
100,100
100,100
98,99
98,99
97,99
100,100
100,100
100,100
100,100
100,100
100,100
100,100
100,100
100,100
100,100
100,100
97,99
100,100
100,100
100,100
100,100
100,100
100,100
98,96
100,100
100,100
54,90
100,99
100,100
24,58
90,96
100,100
100,100
100,100
98,96
95,97
100,100
100,100
100,100
95,98
100,100
100,100
100,100
100,100
98,95
100,100
100,100
100,100
100,100
96,98
100,100
100,100
100,100
100,100
100,100
100,100
100,100
100,100
99,96
99,98
98,94
100,100
94,95
100,100
100,100
100,92
100,100
100,100
100,100
98,99
100,100
100,100
100,100
53,85
100,100
100,100
100,100
100,100
100,100
100,100
100,100
100,100
100,100
100,100
100,100
100,100
100,100
100,100
100,99
100,100
100,100
100,100
100,100
100,100
99,92
100,100
100,100
100,100
100,100
100,100
99,99
97,99
100,100
100,100
100,100
100,100
89,93
100,100
100,100
100,100
100,100
100,100
100,100
100,100
99,92
97,92
99,99
100,100
100,100
100,100
100,100
100,100
100,100
100,100
98,97
100,100
100,100
100,100
100,100
47,89
98,97
100,100
100,100
100,100
100,100
100,100
100,100
100,100
100,100
100,100
100,100
100,100
97,98
100,100
100,100
100,100
100,100
100,100
100,100
100,100
100,100
100,100
100,100
100,100
100,100
100,100
100,100
96,97
100,100
100,100
100,100
100,100
100,100
100,100
100,100
100,100
100,100
98,99
100,100
100,100
100,100
100,100
100,100
95,98
94,97
100,100
98,99
100,100
98,99
100,100
100,100
61,74
100,100
100,100
100,100
100,100
100,100
100,100
100,100
100,100
100,100
100,100
100,100
100,100
100,100
100,100
100,100
100,100
100,100
100,100
100,100
100,100
100,100
100,100
100,100
100,100
95,91
100,100
100,100
100,100
100,100
95,98
100,100
100,100
96,98
100,100
59,88
100,100
100,100
100,100
100,100
99,94
100,100
98,91
97,99
100,100
100,100
100,100
100,100
100,100
100,100
100,100
100,100
100,100
100,100
100,100
100,100
99,94
100,100
100,100
100,100
100,100
97,99
100,100
100,100
100,100
100,100
100,94
100,100
35,86
100,100
100,100
100,100
100,100
94,98
100,100
100,100
100,100
100,100
100,100
100,100
100,100
100,100
86,79
100,100
100,100
100,100
100,100
98,99
100,100
100,100
100,100
99,94
96,98
100,100
100,100
100,100
100,100
100,92
100,100
100,100
100,100
100,100
100,100
100,100
94,96
100,100
77,91
98,97
100,100
100,100
100,100
97,94
100,100
100,100
100,100
100,100
100,100
100,100
100,100
100,100
100,100
100,100
100,100
100,100
100,100
100,100
86,91
100,100
100,100
100,100
100,100
98,93
98,90
100,100
100,100
100,100
100,100
100,100
100,100
100,100
100,100
95,93
100,100
98,97
96,96
100,100
91,86
100,100
100,100
100,100
100,100
100,100
100,100
100,100
100,100
92,93
98,99
98,99
100,100
100,100
98,99
100,100
100,100
100,100
98,91
94,90
97,98
98,93
100,100
100,100
100,100
100,100
100,100
97,99
100,100
100,100
100,100
100,100
100,100
99,99
69,87
28,76
100,100
100,100
100,100
100,100
100,100
100,100
100,100
64,71
100,100
100,100
100,100
100,100
100,100
90,94
100,100
100,100
100,100
97,99
24,62
100,100
94,89
100,100
100,100
97,98
100,100
100,100
100,100
100,100
98,99
100,100
94,98
100,100
100,100
99,93
100,100
100,100
100,100
100,100
100,100
100,100
96,91
100,100
100,100
100,100
97,93
100,100
100,100
100,100
100,100
100,100
93,96
99,95
100,100
100,100
100,100
100,100
100,100
100,100
100,100
100,100
100,100
100,100
63,75
100,100
100,100
100,100
100,100
100,100
58,91
100,100
100,100
92,96
100,100
100,100
100,100
100,97
100,100
100,100
100,100
100,100
100,100
99,99
100,100
96,93
100,100
100,100
98,99
100,100
100,100
100,100
100,100
100,100
100,100
100,100
100,100
100,100
99,89
100,97
98,99
100,100
100,100
99,95
100,100
100,100
100,100
99,94
100,100
97,99
100,100
100,100
100,100
100,100
94,98
100,100
100,100
100,100
100,100
100,100
96,91
100,100
100,100
100,100
98,99
100,100
99,97
100,100
100,100
100,100
99,97
100,100
98,93
100,100
100,100
95,98
100,98
100,100
100,100
100,100
100,100
100,100
100,100
100,100
100,100
100,100
98,94
48,89
97,98
100,100
100,100
100,100
97,98
47,70
100,100
100,100
90,95
100,100
100,100
100,100
100,100
100,100
96,91
100,100
31,65
100,100
100,100
100,100
100,100
100,100
99,99
100,99
100,100
97,95
100,100
100,100
100,100
100,100
100,100
100,100
100,100
100,100
100,100
100,100
100,100
100,100
100,100
100,100
100,100
100,100
100,100
100,100
100,100
100,100
100,100
100,100
100,100
100,100
100,100
100,100
100,100
100,100
100,100
100,100
96,98
96,97
100,100
100,100
100,100
100,100
100,100
97,98
100,100
100,100
96,91
98,99
100,100
97,92
100,100
100,100
100,100
100,100
100,100
100,100
88,80
100,100
100,100
100,100
100,100
100,100
100,100
100,100
100,100
98,99
100,100
98,97
100,100
100,100
100,100
99,98
100,100
100,100
100,100
100,100
100,100
100,100
90,98
100,100
100,100
34,71
96,90
5,79
98,99
100,100
100,100
100,100
100,100
100,100
100,100
100,100
100,100
100,100
100,100
100,100
98,92
100,100
100,100
100,100
100,100
100,100
100,100
100,100
100,100
100,100
98,99
100,100
100,100
100,100
100,100
100,100
100,100
99,89
97,92
98,99
100,100
100,100
100,100
100,100
100,100
94,93
100,100
97,99
100,100
100,100
100,100
100,100
100,100
95,95
53,68
100,100
100,100
98,99
100,100
100,100
98,94
97,90
100,100
100,100
100,100
100,100
100,99
100,100
100,100
98,99
95,98
99,98
100,100
34,70
100,100
98,97
100,100
100,100
100,100
100,100
100,100
100,100
99,99
98,95
100,100
100,100
100,100
100,99
100,100
97,99
98,95
100,100
100,100
100,100
100,100
100,100
97,97
86,95
99,95
100,100
99,99
100,100
100,100
100,100
100,100
100,100
100,100
100,100
99,92
99,99
100,100
98,95
100,100
100,100
100,100
100,100
100,100
100,95
100,100
100,100
99,99
92,97
96,91
100,100
100,100
100,100
100,100
100,100
100,100
100,100
100,100
100,100
100,100
100,100
100,100
100,100
99,93
100,100
100,100
99,94
100,100
100,100
99,95
100,100
100,100
92,95
100,100
94,95
97,99
100,100
100,100
100,100
100,100
100,100
66,93
100,100
100,100
93,97
100,100
100,100
100,100
94,96
27,66
100,100
100,100
89,87
100,100
16,63
98,97
100,100
100,100
100,100
100,100
100,100
99,99
98,95
100,100
98,98
100,100
100,100
100,100
100,100
100,100
100,100
98,96
99,94
88,92
100,100
100,100
100,100
100,100
96,98
100,100
100,100
97,98
100,100
96,98
100,100
100,100
100,100
100,100
100,100
100,100
98,96
100,100
100,100
95,94
100,100
100,100
100,100
100,100
100,100
96,98
100,100
100,100
100,100
100,100
100,100
100,100
95,83
100,100
100,100
97,90
100,100
100,100
100,93
99,99
100,100
100,100
100,100
100,100
100,100
100,100
100,100
100,100
99,99
100,100
100,100
100,100
100,100
100,100
100,100
97,99
98,99
98,99
100,100
100,100
100,100
100,100
100,100
100,100
98,99
100,100
97,99
100,100
38,87
100,100
100,100
100,100
100,100
100,100
96,91
70,93
100,100
100,100
100,100
100,100
100,100
100,100
100,100
92,95
96,96
100,100
100,100
100,100
100,100
99,99
100,100
94,95
96,83
100,100
100,100
100,100
100,97
97,97
100,100
100,100
100,100
100,99
97,83
100,100
100,100
100,100
97,98
100,100
100,100
100,100
100,100
98,91
100,100
100,100
100,100
100,100
100,100
100,100
100,100
100,100
100,100
100,100
98,99
100,100
100,100
100,100
100,100
100,100
100,100
100,100
100,100
100,100
100,100
100,100
100,100
100,100
100,100
100,100
100,100
100,100
100,100
98,99
100,100
100,100
100,100
100,100
100,100
99,99
100,100
98,92
100,100
100,100
95,90
100,100
100,100
100,100
100,100
100,100
100,100
100,100
100,100
100,100
100,100
100,100
100,100
100,100
98,95
98,99
100,100
100,100
100,100
100,100
97,95
100,100
100,100
100,100
100,100
100,100
100,100
100,99
99,99
100,100
100,100
100,100
100,100
100,100
96,93
99,97
100,100
100,100
96,98
100,100
99,97
100,100
100,100
100,100
100,100
100,100
99,93
100,100
100,100
100,100
100,100
100,100
100,100
100,100
99,99
100,100
100,100
94,98
100,100
100,100
100,100
100,100
49,84
100,100
91,92
100,100
100,100
100,100
100,100
98,99
97,98
100,100
100,100
72,93
100,100
97,91
100,100
98,99
100,100
100,100
96,98
100,100
98,99
100,100
100,100
100,100
100,100
100,100
100,100
100,100
100,100
97,96
100,100
99,95
100,100
100,100
100,100
99,98
100,100
100,100
100,100
100,100
100,100
100,100
100,100
100,100
100,100
90,96
97,98
96,93
100,100
100,100
100,100
100,100
97,99
100,100
100,100
100,100
100,100
100,100
96,94
100,100
100,100
94,91
100,100
35,85
100,100
100,100
100,100
100,100
100,100
100,100
100,100
100,100
100,100
98,99
100,100
100,100
100,100
100,100
100,100
100,100
100,100
100,100
100,100
95,90
100,100
100,100
100,100
100,100
100,100
100,100
100,100
100,100
36,77
100,100
100,100
100,100
100,100
100,100
100,100
100,100
100,100
100,100
100,100
100,100
100,100
100,100
100,100
100,100
97,97
100,100
100,100
100,100
100,100
100,100
99,99
100,100
100,100
100,100
100,100
100,100
100,100
100,100
100,100
100,100
100,97
100,100
100,100
100,100
100,100
97,99
100,100
100,100
100,100
100,100
100,100
100,100
100,100
100,100
100,100
100,100
100,100
100,100
100,100
100,100
96,93
100,100
95,91
98,99
100,100
100,100
100,100
100,100
100,100
100,100
100,100
100,100
100,100
100,100
27,73
100,100
100,100
100,100
100,100
100,100
100,100
100,100
100,100
100,100
100,100
100,100
100,100
100,100
100,100
100,100
100,100
100,100
100,100
100,100
100,100
60,91
100,100
100,100
100,100
100,100
99,98
100,100
100,100
100,100
100,100
39,71
100,100
100,100
100,100
100,100
100,100
100,100
97,99
100,100
100,100
99,99
100,100
100,100
100,100
100,100
98,99
100,100
100,100
95,95
98,99
93,91
100,100
100,100
100,100
100,100
100,100
100,100
100,100
100,100
100,100
98,92
100,100
98,99
100,100
100,100
100,100
100,100
100,100
100,100
100,100
100,100
99,97
100,100
100,100
100,100
100,100
99,95
100,100
91,92
100,100
100,100
96,93
100,100
100,100
100,100
98,99
100,100
100,100
100,100
100,100
100,100
98,99
100,100
100,100
100,100
100,100
100,100
100,100
100,100
100,100
99,99
100,100
100,100
100,100
100,100
100,100
100,100
100,100
100,100
100,100
100,100
100,100
99,99
100,100
99,99
100,100
100,100
100,100
100,100
100,100
100,100
100,100
100,100
98,99
100,100
100,100
100,100
100,100
100,100
100,100
100,100
100,100
100,100
100,100
100,100
100,100
99,93
100,100
100,100
100,100
100,100
100,100
100,100
99,99
96,92
100,100
100,100
100,100
100,100
100,100
98,99
96,90
100,100
98,99
100,100
100,100
100,100
100,100
100,100
100,100
100,100
100,100
97,99
100,100
100,100
100,100
100,100
93,92
100,100
100,100
100,100
100,100
98,99
100,100
100,100
97,99
97,99
100,100
99,97
98,97
100,100
99,95
100,100
100,100
93,97
100,100
97,98
96,96
100,93
100,100
100,100
93,94
98,99
100,92
100,100
100,97
100,100
100,100
100,100
100,100
13,78
100,100
100,100
42,82
100,100
100,100
100,100
100,100
100,100
100,100
100,100
100,100
100,100
100,100
96,98
100,100
100,100
100,100
100,100
100,100
100,100
100,100
100,100
100,100
100,100
100,100
100,100
100,100
97,92
100,100
100,100
100,100
98,94
100,100
100,100
100,100
100,100
100,100
100,100
100,100
100,100
100,100
100,100
100,100
100,100
100,100
100,100
100,100
100,100
100,100
31,68
100,100
100,100
99,95
100,100
100,100
95,93
100,100
100,100
100,100
100,100
100,100
100,100
100,100
100,100
100,100
99,99
100,100
100,100
100,100
100,100
100,100
100,100
100,100
100,100
100,100
100,100
100,100
97,92
99,93
96,95
100,100
97,99
100,100
100,100
100,100
100,100
100,100
100,100
100,100
100,100
99,92
100,100
100,100
100,100
100,100
100,100
100,99
100,100
100,99
63,92
100,100
100,100
100,100
100,100
100,100
100,100
100,100
100,100
100,100
100,100
100,100
100,100
100,100
100,100
100,100
100,100
100,100
100,100
100,100
99,99
100,100
100,100
100,100
100,100
100,100
100,100
100,100
100,100
100,100
100,100
100,100
94,97
100,100
100,100
97,94
100,100
93,93
100,100
100,100
100,100
85,92
100,100
100,100
100,100
100,100
99,96
100,100
100,100
99,99
95,98
100,100
100,100
97,96
100,100
100,100
100,100
100,100
100,100
100,100
100,100
100,100
100,100
100,100
4,72
100,100
100,96
100,100
100,100
100,100
100,100
100,100
100,100
100,100
100,100
100,100
100,100
100,100
100,100
100,100
100,100
100,100
100,100
100,95
100,100
100,100
100,100
100,100
100,100
100,100
100,100
100,100
99,92
100,100
96,98
100,100
100,100
96,91
96,96
100,100
100,100
100,100
100,100
14,51
100,100
100,100
100,100
100,100
100,100
97,98
100,100
84,95
100,100
100,100
100,100
100,100
100,100
93,90
98,99
100,100
100,95
100,100
100,100
100,100
100,100
94,94
100,100
100,100
100,100
100,100
100,100
100,100
100,100
100,100
100,100
100,100
100,100
96,96
100,100
94,97
100,100
100,100
100,100
100,100
100,100
100,100
100,100
100,100
100,100
100,100
100,100
89,90
100,100
100,100
100,100
100,100
100,100
100,100
100,100
100,100
100,100
100,100
100,100
100,100
100,100
100,100
100,100
96,98
100,100
100,100
100,94
100,100
98,97
100,100
100,100
100,100
97,96
100,100
100,100
100,100
100,100
100,100
98,94
100,100
100,100
100,100
93,96
100,99
100,100
100,100
100,100
100,100
100,100
100,100
100,100
100,100
100,100
100,100
100,100
100,100
100,100
38,78
97,95
98,92
100,100
100,100
100,100
100,100
100,100
100,100
100,100
100,100
100,100
100,100
100,100
100,100
100,100
100,100
100,100
100,100
100,100
100,100
100,100
100,100
100,97
100,100
100,100
39,87
100,100
100,100
100,100
100,100
100,100
100,100
100,100
97,99
100,100
100,100
100,100
100,100
100,100
30,69
100,100
100,100
90,96
100,100
100,100
100,100
97,98
95,93
100,100
100,100
100,100
100,100
100,100
97,93
100,100
99,96
100,100
100,100
100,100
93,95
96,98
100,100
100,100
34,86
100,100
100,100
100,100
100,100
100,100
100,100
100,100
100,100
100,100
100,100
100,100
100,100
100,100
100,100
97,99
92,89
100,100
100,100
100,100
100,100
100,100
100,100
100,100
98,98
100,100
100,100
100,100
100,100
100,100
92,98
100,100
100,100
100,100
100,100
100,100
99,94
100,100
100,100
100,100
100,100
99,99
96,98
100,100
98,98
100,100
100,100
100,100
100,100
100,100
100,100
100,100
100,100
97,98
100,100
100,99
100,100
100,100
100,100
100,100
100,100
100,100
100,100
94,82
100,100
100,100
97,99
100,100
100,100
100,100
100,100
100,100
100,100
100,100
100,100
100,100
100,100
100,100
100,100
100,100
100,100
100,100
100,100
100,100
100,100
100,100
100,100
97,99
100,100
95,94
100,100
100,100
97,99
88,97
100,100
91,92
100,100
100,100
100,100
100,100
100,100
100,100
100,100
100,100
100,100
100,100
100,100
100,100
100,100
100,100
98,98
100,100
100,100
100,100
100,100
100,100
100,100
100,100
100,100
100,100
100,100
100,100
100,100
100,100
99,94
100,100
100,99
98,98
100,100
100,100
100,100
100,100
100,100
100,100
100,100
100,100
100,100
100,100
99,93
100,100
100,100
100,100
100,100
100,100
100,100
100,100
100,100
100,100
100,100
100,100
100,100
100,100
100,100
100,100
100,100
100,100
100,100
97,92
99,99
100,100
99,96
100,100
100,100
100,100
100,100
100,100
100,100
100,100
100,100
100,100
100,100
100,100
96,98
100,100
100,100
100,100
100,100
100,100
100,100
100,100
100,100
100,100
100,100
100,100
100,100
100,100
100,100
100,100
100,100
76,95
100,100
92,96
100,100
100,100
100,100
100,100
100,100
100,100
95,98
98,93
100,100
100,100
99,99
100,100
100,100
100,100
100,100
100,100
100,100
100,100
100,100
98,97
100,100
100,100
100,100
100,100
100,100
100,100
100,100
98,93
100,100
100,100
95,91
100,100
60,72
100,100
100,100
100,100
88,86
100,100
100,100
100,100
79,91
100,100
100,100
100,100
100,100
100,100
99,95
100,100
100,100
100,100
99,99
100,100
97,96
98,89
100,99
100,100
26,85
100,100
97,98
100,100
100,100
100,100
100,100
100,100
99,96
100,100
100,100
100,100
100,100
98,99
100,100
100,100
100,100
100,100
100,100
97,92
100,100
99,99
100,100
100,100
100,100
97,98
100,100
100,100
100,100
100,100
100,100
100,100
90,89
100,100
100,100
100,100
98,99
100,100
94,97
100,100
100,100
100,100
100,100
100,96
100,100
100,100
100,100
100,100
100,100
95,98
100,100
100,100
100,100
36,70
100,100
100,100
100,100
100,100
100,100
100,100
100,100
100,100
100,100
100,100
100,100
100,100
100,100
100,100
100,100
100,100
100,100
100,100
100,100
100,100
100,100
100,100
100,100
97,99
100,100
100,100
100,100
100,100
100,100
93,91
100,100
91,95
100,100
98,95
100,100
93,92
98,99
100,100
100,100
100,100
100,100
100,100
100,100
100,100
100,100
100,100
100,100
9,74
100,93
100,100
98,95
100,100
98,97
100,100
100,100
100,100
96,98
100,100
100,100
46,70
100,100
100,100
100,99
21,84
65,89
100,100
100,100
100,100
100,100
100,100
95,98
100,100
99,98
100,100
98,99
100,100
100,100
100,100
95,95
100,100
99,99
98,98
100,100
100,100
100,94
100,100
100,100
100,100
100,100
100,100
100,100
100,100
100,100
100,100
100,100
100,100
100,100
99,95
98,99
100,100
100,100
100,100
100,100
100,100
100,100
99,99
100,100
100,100
100,100
100,100
99,99
100,100
100,100
98,99
100,100
100,100
100,100
100,100
100,100
100,100
100,100
99,98
100,97
100,100
100,100
100,90
100,100
100,100
100,100
100,100
100,100
100,100
100,100
100,100
100,100
100,100
100,100
100,100
100,100
91,96
100,100
100,100
100,100
92,95
100,100
100,100
100,100
100,100
100,100
100,100
100,100
100,100
96,98
100,100
100,100
95,98
100,100
100,100
100,100
100,100
97,99
100,100
100,100
100,100
100,100
100,100
100,100
100,100
99,98
99,99
100,100
100,100
92,93
100,100
100,100
100,100
100,100
49,72
100,100
100,100
100,100
100,93
96,94
100,100
100,100
88,93
100,100
100,100
100,100
43,68
99,99
100,100
98,99
93,97
100,100
93,93
100,100
100,100
100,100
83,93
98,93
100,100
100,100
100,100
100,100
100,100
100,100
100,100
100,100
100,100
100,100
93,89
100,100
100,100
100,100
100,100
100,100
100,100
100,100
100,100
100,100
100,100
100,100
100,100
100,100
100,100
100,100
100,100
100,100
100,100
100,100
100,100
100,100
99,99
96,90
100,100
100,100
99,94
100,96
100,100
100,100
100,100
100,100
99,96
100,100
100,100
100,100
100,100
100,93
100,100
100,100
100,100
100,100
27,52
100,95
100,100
100,100
43,64
100,100
100,100
99,99
95,93
100,100
90,93
98,94
100,100
99,85
100,100
100,100
100,100
100,100
100,100
100,100
100,100
100,100
100,100
100,100
100,100
96,98
100,100
100,100
100,100
100,99
100,100
100,100
100,100
100,100
100,100
100,100
100,100
100,99
98,94
94,94
100,100
100,100
100,100
100,100
95,98
100,100
91,91
56,84
99,99
100,100
100,100
100,100
99,99
100,100
100,100
100,100
100,100
100,100
100,100
100,100
100,100
100,100
100,100
100,100
98,93
100,100
100,100
100,100
93,91
100,100
98,98
100,100
100,100
100,100
100,100
100,100
100,100
99,96
100,100
100,100
100,100
97,98
95,99
99,95
100,100
100,100
100,100
100,100
100,100
87,90
100,100
100,100
98,90
100,100
97,99
100,100
100,100
83,87
96,96
98,96
49,89
100,100
100,100
100,100
100,100
100,100
100,100
100,100
100,100
100,100
100,100
100,100
100,100
98,99
100,100
100,100
100,100
100,100
100,100
100,100
100,100
100,100
100,100
100,100
100,100
33,86
97,98
100,100
96,94
100,100
100,100
100,100
100,100
100,100
100,100
98,99
100,100
100,100
100,100
100,100
100,100
96,90
98,96
100,100
100,100
100,100
100,100
100,100
100,100
100,100
96,92
100,100
98,99
100,100
100,100
100,100
100,100
100,100
95,94
100,100
100,100
100,100
100,100
100,100
100,100
100,100
100,100
100,98
95,97
100,100
100,100
96,98
100,100
100,100
95,96
100,100
100,100
100,100
100,100
100,100
100,100
100,100
100,100
100,100
100,100
100,100
100,100
100,100
100,100
100,100
100,100
100,100
100,100
100,100
99,99
100,100
100,100
100,100
100,100
97,98
100,100
100,100
99,93
100,100
100,100
100,100
100,100
100,100
100,100
100,100
100,100
100,100
100,100
100,100
100,100
99,99
100,100
100,100
100,100
100,100
100,100
99,95
100,100
100,100
100,100
97,99
100,100
100,100
100,100
100,100
93,90
100,100
100,100
100,100
100,100
100,100
96,89
100,100
100,100
100,100
100,100
100,100
100,100
100,100
100,99
94,94
100,96
97,91
100,100
100,100
100,100
99,99
100,100
100,100
100,100
100,100
100,100
100,100
100,100
100,100
100,100
100,100
100,100
100,100
100,100
99,93
96,98
100,100
100,100
100,100
98,99
100,100
97,99
100,100
100,100
100,100
100,100
87,97
100,100
97,99
100,100
100,100
100,100
100,100
99,99
100,100
100,100
99,99
100,100
100,100
100,100
100,100
100,100
100,100
100,100
100,100
100,100
100,100
100,100
100,100
100,100
93,95
100,100
100,100
100,100
31,66
100,100
97,96
100,100
100,100
100,100
100,100
100,100
97,92
100,100
100,100
100,100
98,99
100,100
100,100
100,100
100,100
100,100
100,100
100,100
87,89
100,100
52,69
100,100
100,100
40,70
100,100
100,100
100,100
98,92
100,100
100,100
100,100
100,100
100,100
100,100
100,100
100,100
100,100
100,100
100,100
100,100
98,89
94,97
100,100
100,100
100,100
100,100
100,100
100,100
100,100
100,100
100,100
100,100
100,100
100,100
100,100
100,100
100,100
100,100
100,100
100,100
100,100
100,100
100,100
100,100
95,98
100,97
100,100
100,100
100,100
100,100
100,100
100,100
100,100
95,90
32,66
100,100
100,100
100,100
100,100
98,99
97,99
100,100
100,100
100,100
98,99
100,100
100,100
100,100
100,100
100,100
98,97
100,100
100,100
100,100
100,100
100,100
100,100
100,100
100,100
100,100
100,100
100,100
100,100
100,100
98,98
100,100
100,100
100,100
100,100
100,100
100,100
100,100
98,99
100,100
44,72
100,100
100,93
100,100
100,100
92,96
100,100
100,100
100,100
99,99
100,100
100,100
100,100
100,100
100,100
100,100
97,99
100,100
100,100
100,100
98,99
100,100
100,100
98,98
95,98
100,100
100,100
99,96
100,100
100,100
100,100
100,100
100,100
100,100
100,100
100,100
100,100
100,100
100,100
100,100
99,99
100,100
100,100
100,100
97,99
100,100
100,100
100,100
100,100
98,97
100,100
100,100
28,63
100,100
99,96
100,100
100,100
100,100
100,100
100,100
93,93
100,100
100,100
100,100
88,98
100,100
100,100
100,100
95,98
100,100
100,100
100,100
23,55
97,98
100,100
95,98
100,100
100,100
100,100
100,100
100,100
98,99
100,100
100,95
100,100
100,100
100,100
100,100
100,100
100,100
100,100
99,99
100,100
100,100
100,100
100,100
100,100
100,100
100,100
100,100
98,99
100,100
100,100
100,100
100,100
100,100
100,100
100,100
100,100
100,100
100,100
100,100
100,100
100,100
95,98
100,100
100,100
100,100
100,100
100,100
100,100
100,100
100,100
100,100
100,100
100,100
100,100
98,99
100,100
100,100
100,100
99,99
100,100
94,98
100,100
100,100
100,100
100,100
100,100
98,99
95,96
100,100
100,100
100,100
97,99
100,100
100,100
100,100
100,100
40,73
100,100
100,100
100,100
100,100
100,100
88,89
96,98
100,100
100,100
100,100
96,98
100,100
100,100
100,100
100,100
100,100
100,100
100,100
100,100
100,100
100,100
100,100
100,100
97,98
100,100
100,100
100,100
100,100
100,100
100,100
100,100
98,97
100,100
48,66
100,100
100,100
100,100
100,100
100,100
100,100
100,100
100,100
100,100
100,100
100,100
97,99
100,100
100,100
100,100
100,97
100,100
100,100
100,100
100,100
100,100
100,100
100,100
100,100
100,100
100,100
100,100
100,100
98,99
99,99
100,100
100,100
99,95
98,92
100,100
100,100
100,100
100,100
100,100
100,100
100,100
100,100
100,100
100,100
100,100
100,100
100,100
98,90
100,100
100,100
100,100
22,56
100,100
100,100
100,100
99,99
100,100
100,100
100,100
100,100
100,100
89,89
100,100
100,100
100,100
100,100
100,100
100,100
100,99
98,95
100,100
100,100
100,100
100,100
99,99
96,98
97,99
100,100
100,100
100,100
100,100
100,100
100,100
99,96
100,100
100,100
100,100
100,100
67,92
100,100
100,100
100,100
68,85
100,100
100,100
100,100
100,100
100,100
100,100
94,93
96,90
100,100
100,100
100,100
100,100
100,100
100,100
100,100
100,100
100,100
100,100
100,100
100,100
100,100
100,100
100,100
100,100
100,100
100,100
99,91
100,100
100,100
100,100
100,100
100,100
96,93
100,100
100,100
100,99
100,100
98,91
100,100
98,99
100,100
100,100
37,82
99,98
100,100
100,99
100,100
100,100
100,100
100,100
99,93
100,100
100,100
100,100
100,100
100,100
100,100
98,99
100,100
100,100
100,100
100,100
100,100
100,100
50,89
100,100
99,98
100,100
100,100
100,100
100,100
100,100
94,96
100,100
100,100
100,100
56,70
99,93
100,100
100,100
100,100
96,98
100,100
100,100
100,100
100,100
100,100
100,100
98,99
100,100
87,95
100,100
100,100
100,100
100,100
100,100
100,100
100,100
100,100
100,100
100,100
89,96
100,100
100,100
99,91
100,100
100,100
100,100
88,80
100,100
100,100
100,100
100,100
51,81
100,100
100,100
92,95
100,100
100,100
100,100
86,90
100,100
100,100
100,100
100,100
100,100
100,100
100,100
100,100
100,100
100,100
100,100
100,100
100,100
100,100
100,100
100,100
100,100
98,99
100,100
100,100
100,100
100,100
100,100
96,95
100,100
100,100
100,100
100,100
100,100
100,100
97,99
100,100
100,99
100,100
98,99
100,100
55,86
99,98
99,96
100,100
100,100
100,100
98,99
100,100
41,88
97,95
100,100
100,100
100,100
100,100
100,100
100,100
98,93
100,100
100,100
100,96
100,100
33,67
90,96
100,100
100,100
99,99
100,100
100,100
100,100
100,100
100,100
100,100
100,100
100,100
100,100
100,100
95,93
100,100
100,100
100,100
100,100
100,100
98,99
100,100
100,100
100,100
100,100
100,100
100,100
93,89
98,99
99,99
100,100
100,100
100,99
100,100
97,99
100,100
100,99
100,100
100,100
100,100
88,93
49,89
100,100
100,100
100,100
100,100
100,100
100,100
97,97
100,100
100,100
100,100
100,100
100,100
100,100
100,100
93,93
90,84
100,100
100,100
98,97
100,100
100,100
98,99
100,100
100,100
100,100
97,98
100,100
100,100
100,100
97,99
100,100
100,100
93,95
100,100
100,100
100,100
99,99
100,100
100,100
99,94
100,100
100,100
97,98
100,100
100,100
97,91
99,99
100,100
100,100
100,100
100,100
100,100
100,100
100,100
100,100
100,100
100,100
98,94
99,99
100,100
93,92
15,46
98,92
100,100
100,100
100,100
100,100
100,100
99,99
99,99
99,95
100,100
100,100
100,100
100,100
100,100
100,100
97,97
100,100
98,93
100,100
99,96
100,100
100,100
100,100
96,98
100,100
100,100
100,100
100,100
100,100
100,100
100,100
100,100
100,100
98,99
100,100
100,100
100,100
100,100
100,100
100,100
100,100
100,100
99,96
100,100
100,100
100,100
100,100
100,100
100,100
95,98
100,100
26,67
100,100
100,100
98,91
100,100
100,100
99,97
97,99
100,100
100,100
100,100
100,100
100,100
99,99
97,99
100,100
100,100
96,99
100,100
100,100
100,100
98,99
100,100
100,100
100,100
30,71
100,100
100,100
100,100
100,100
100,100
100,100
100,100
100,100
94,97
100,100
100,100
100,100
100,100
100,100
50,89
100,100
100,100
100,100
7,58
95,92
100,100
100,100
89,96
100,100
100,100
100,100
100,100
100,100
100,100
100,100
100,100
100,100
100,100
100,100
100,100
100,100
100,100
100,100
100,100
91,97
100,100
100,100
100,100
100,100
100,97
100,100
100,100
99,96
100,100
97,93
100,100
100,100
100,100
100,100
98,99
100,100
100,100
100,100
100,100
100,100
100,100
98,99
99,99
91,88
99,99
100,100
100,100
98,99
100,100
100,100
100,100
100,100
99,97
100,100
100,100
100,100
100,100
100,100
100,100
100,100
100,100
100,100
100,100
100,100
100,100
34,86
100,100
100,100
95,98
100,100
100,100
